model,mae,rmse,smape,underest,prec,rec,f1,burst_detect,lead_s,profile,seed
naive,8.120421810699588,10.19376826902759,5.433510055693338,0.4930555555555556,,,,,,S1,0
ma,7.162448559670781,8.948077247082365,4.793036532846352,0.5092592592592593,,,,,,S1,0
linear,9.923335448694083,12.829728592329582,6.645182473903255,0.5203189300411523,,,,,,S1,0
ar,13.290587682719153,16.639841146624523,8.52723093161843,0.23045267489711935,,,,,,S1,0
lstm,11.521515978137154,14.490399617015967,7.478600099494059,0.23868312757201646,,,,,,S1,0
gru,10.980909609064199,13.79886697337471,7.151679771787056,0.24074074074074073,,,,,,S1,0
naive,8.32366255144033,10.377716313562136,5.584836254137396,0.49665637860082307,,,,,,S1,1
ma,7.111436899862826,8.914968108669871,4.7710226194073,0.4881687242798354,,,,,,S1,1
linear,10.783024964348327,13.463049459135231,7.26114653553166,0.4971707818930041,,,,,,S1,1
ar,13.353775561318312,16.742202638827774,8.592055487896276,0.2412551440329218,,,,,,S1,1
lstm,11.451104807498949,14.2214917745876,7.441973425909472,0.2507716049382716,,,,,,S1,1
gru,11.03926052247908,13.801808386626881,7.1844925684590315,0.24228395061728394,,,,,,S1,1
naive,7.335956790123458,9.146257301964823,4.945874503398164,0.48662551440329216,,,,,,S1,2
ma,6.107338820301784,7.577110457203224,4.11669026463568,0.4835390946502058,,,,,,S1,2
linear,9.610369232159076,11.970076932815603,6.475566719979803,0.4992283950617284,,,,,,S1,2
ar,12.870020591660282,15.913060710680364,8.313960164428707,0.20910493827160495,,,,,,S1,2
lstm,10.432974551112363,13.058415676518747,6.808201166327038,0.22067901234567902,,,,,,S1,2
gru,10.32086092320889,12.997764900822025,6.73788220304141,0.21219135802469136,,,,,,S1,2
naive,8.171656378600824,10.282714029813823,5.359851961191678,0.48405349794238683,,,,,,S1,3
ma,6.935030864197532,8.710073319386062,4.544840391624285,0.4904835390946502,,,,,,S1,3
linear,10.64486959551465,13.430723491376183,6.970781817176477,0.5054012345679012,,,,,,S1,3
ar,13.564462541407186,16.889459850765412,8.544798133865703,0.23276748971193414,,,,,,S1,3
lstm,11.419306526518973,14.46791077602237,7.247053229725707,0.2330246913580247,,,,,,S1,3
gru,11.126872503909203,13.986960947044075,7.078625410190506,0.22119341563786007,,,,,,S1,3
naive,7.934310699588477,9.882753506610795,5.283020663126296,0.4897119341563786,,,,,,S1,4
ma,6.7963305898491075,8.418954177187672,4.52769628381272,0.46656378600823045,,,,,,S1,4
linear,10.330349969465454,12.899804439471163,6.877325786792212,0.5064300411522634,,,,,,S1,4
ar,13.390634529357795,16.558034406890226,8.53785457124585,0.23585390946502058,,,,,,S1,4
lstm,11.172317199767088,13.91175777585851,7.206724196320119,0.2273662551440329,,,,,,S1,4
gru,10.998998585625804,13.611476396797695,7.109477224818347,0.22633744855967078,,,,,,S1,4
naive,8.698096707818932,10.954654478006612,5.7448264604532815,0.5051440329218106,,,,,,S1,5
ma,7.763614540466391,9.740025850403555,5.130752753431318,0.5002572016460906,,,,,,S1,5
linear,11.503448747044288,14.61977812254424,7.6220604036526804,0.4984567901234568,,,,,,S1,5
ar,13.437111081124199,16.951432088184493,8.510168389404035,0.24614197530864199,,,,,,S1,5
lstm,11.800261257342406,14.816173811869119,7.5442142438367314,0.25643004115226337,,,,,,S1,5
gru,11.545958607792596,14.46666916473307,7.393437104531203,0.2551440329218107,,,,,,S1,5
naive,8.287808641975309,10.561031230823826,5.452519093923688,0.49691358024691357,,,,,,S1,6
ma,7.112945816186558,9.140034826274702,4.67769792260527,0.4912551440329218,,,,,,S1,6
linear,10.586068841519127,13.639319821682111,6.953035604913173,0.5198045267489712,,,,,,S1,6
ar,13.471889146990518,16.852095473831167,8.534297417799026,0.22376543209876543,,,,,,S1,6
lstm,11.09049260841865,14.074094374206542,7.102111498392169,0.24948559670781892,,,,,,S1,6
gru,11.124418635794918,14.073642233847643,7.12641109609971,0.23945473251028807,,,,,,S1,6
naive,8.24017489711934,10.275270464935314,5.547200885535071,0.5077160493827161,,,,,,S1,7
ma,7.105264060356653,8.823426776616017,4.775473328655125,0.5131172839506173,,,,,,S1,7
linear,10.622573075689207,13.446032576992314,7.176652994713844,0.5095164609053497,,,,,,S1,7
ar,13.20143179641047,16.50231959873621,8.52460382511963,0.24279835390946503,,,,,,S1,7
lstm,11.006423546569636,14.085352814043222,7.154965654521462,0.24897119341563786,,,,,,S1,7
gru,10.691088941295334,13.74910074132945,6.966505095305994,0.257201646090535,,,,,,S1,7
naive,8.760082304526748,11.220579271007123,5.911929035131099,0.48148148148148145,,,,,,S1,8
ma,7.790895061728395,10.045639678149415,5.2583027692159385,0.48405349794238683,,,,,,S1,8
linear,11.022706188857576,14.207166184726898,7.430138770545784,0.49948559670781895,,,,,,S1,8
ar,13.941636847839785,17.408734159646706,9.001675304937438,0.2412551440329218,,,,,,S1,8
lstm,12.636850835525815,15.894895057586384,8.184888786246432,0.23713991769547324,0.0,,0.0,,,S1,8
gru,12.302259177830814,15.363397117065624,8.005559395658107,0.2294238683127572,0.0,,0.0,,,S1,8
naive,8.047376543209875,10.182059284630009,5.322628774302889,0.49099794238683125,,,,,,S1,9
ma,6.83443072702332,8.53934892774264,4.524256726394074,0.4825102880658436,,,,,,S1,9
linear,9.911098585705012,12.617773555301861,6.574450660744083,0.49614197530864196,,,,,,S1,9
ar,13.432473637585245,16.91540700375884,8.515806830898516,0.22916666666666666,,,,,,S1,9
lstm,11.372458262721885,14.333870941057986,7.297618943898754,0.24022633744855967,,,,,,S1,9
gru,11.156146101962358,14.008496564000557,7.165118481519203,0.227880658436214,,,,,,S1,9
naive,16.655092592592595,22.173649461752454,5.91969698064807,0.6442901234567902,,0.0,0.0,,,S2,0
ma,17.515552126200276,22.83782156783643,6.355911801085797,0.6967592592592593,,0.0,0.0,,,S2,0
linear,18.270310914890224,25.855126053053336,6.240771451961838,0.585133744855967,,0.0,0.0,,,S2,0
ar,22.011446965973963,30.55228192696873,6.838037755555802,0.3436213991769547,,0.0,0.0,,,S2,0
lstm,20.509826418710976,27.89206317013179,6.367276605831787,0.2785493827160494,,0.0,0.0,,,S2,0
gru,19.36839187792203,26.86955045779884,5.977371296091009,0.31378600823045266,,0.0,0.0,,,S2,0
naive,17.02340534979424,21.7956335057666,6.191090620918365,0.6484053497942387,,,,,,S2,1
ma,17.18213305898491,21.868036457773673,6.49276648725154,0.7065329218106996,,,,,,S2,1
linear,20.080710081147988,26.002836963731088,6.812201016239368,0.573045267489712,,,,,,S2,1
ar,22.254745183138116,30.410674259708813,6.974534141600166,0.36213991769547327,,,,,,S2,1
lstm,20.81580888111185,28.231929123599812,6.442898780306246,0.28858024691358025,,,,,,S2,1
gru,19.337908300988833,26.548699230941924,5.975649817052837,0.31275720164609055,,,,,,S2,1
naive,15.104783950617282,19.33326442090741,5.560773740141188,0.6414609053497943,,0.0,0.0,,,S2,2
ma,15.588871742112484,19.506041324373026,5.937641972091087,0.7196502057613169,,0.0,0.0,,,S2,2
linear,18.004991246111786,23.399897382395526,6.272232614226808,0.5619855967078189,,0.0,0.0,,,S2,2
ar,20.381666576824014,27.99562989046898,6.390144935937784,0.3374485596707819,,0.0,0.0,,,S2,2
lstm,18.377212544043452,24.95159289580239,5.809470097969138,0.2638888888888889,,0.0,0.0,,,S2,2
gru,17.584636189879465,24.225403683709413,5.57397972454585,0.2924382716049383,,0.0,0.0,,,S2,2
naive,17.3755658436214,22.374731531598567,6.051924084027122,0.654835390946502,,0.0,0.0,,,S2,3
ma,17.879903978052127,22.340512635145533,6.376822259088274,0.7132201646090535,,0.0,0.0,,,S2,3
linear,20.601851436959937,27.317782466214915,6.809796027778586,0.5848765432098766,,0.0,0.0,,,S2,3
ar,21.997098684706476,30.875638556405335,6.755158800866018,0.35545267489711935,,0.0,0.0,,,S2,3
lstm,20.90240113620167,29.268493046642284,6.26938193328872,0.2829218106995885,,0.0,0.0,,,S2,3
gru,19.364840286454506,27.360702008356764,5.866381696210307,0.3099279835390947,,0.0,0.0,,,S2,3
naive,16.49259259259259,21.30774700207712,5.767874918656243,0.6466049382716049,,,,,,S2,4
ma,16.813940329218106,21.209474307759788,6.057625182823664,0.7026748971193416,,,,,,S2,4
linear,19.48140681410183,26.075295368643587,6.429922184329835,0.5534979423868313,,,,,,S2,4
ar,21.610285519915802,30.03726818612062,6.538618229791561,0.3482510288065844,,,,,,S2,4
lstm,20.388223292674994,27.419782029056716,6.086798081004607,0.27649176954732513,,,,,,S2,4
gru,19.224141551236595,26.045335299786505,5.7478199733464335,0.3150720164609053,,,,,,S2,4
naive,17.823868312757206,22.82863112797074,6.383015790299966,0.6412037037037037,,0.0,0.0,,,S2,5
ma,18.36514060356653,23.14923619665107,6.694279916727501,0.6934156378600823,,0.0,0.0,,,S2,5
linear,21.54098708767544,27.595532095532302,7.524829023654951,0.5671296296296297,,0.0,0.0,,,S2,5
ar,22.466416302957278,30.691541645647966,7.040552996450193,0.35648148148148145,,0.0,0.0,,,S2,5
lstm,21.657678335098545,28.700256221241226,6.807062696437817,0.3022119341563786,,0.0,0.0,,,S2,5
gru,20.20698357673353,27.125354237070873,6.302287462271086,0.3140432098765432,,0.0,0.0,,,S2,5
naive,18.08101851851852,23.61157886246917,6.269437605945679,0.6589506172839507,,,,,,S2,6
ma,18.84528463648834,23.942999011111592,6.745757331616656,0.7150205761316872,,,,,,S2,6
linear,21.0744649087952,28.938505010570573,6.902236550111403,0.6162551440329218,,,,,,S2,6
ar,21.57182353211243,30.933928220902292,6.624357965356562,0.3680555555555556,,,,,,S2,6
lstm,21.050101746186648,29.368615746161993,6.284341896099016,0.3184156378600823,,,,,,S2,6
gru,20.42356054279009,28.93175777190167,6.067534650992965,0.3618827160493827,,,,,,S2,6
naive,17.451234567901235,22.718997779002148,6.106009252116846,0.6720679012345679,,,,,,S2,7
ma,18.039934842249657,22.604017147862244,6.546755327686454,0.7260802469135802,,,,,,S2,7
linear,20.81666145069776,28.464982580954413,6.814285683859657,0.5871913580246914,,,,,,S2,7
ar,21.55735438108529,30.85566093096934,6.495942046644,0.37397119341563784,,,,,,S2,7
lstm,19.94373798157419,28.697899073654316,6.016274790480323,0.30324074074074076,,,,,,S2,7
gru,19.008335273171213,27.459338326049732,5.768935246234241,0.34670781893004116,0.0,,0.0,,,S2,7
naive,17.575823045267487,23.019638690303083,6.43255362241035,0.613940329218107,,0.0,0.0,,,S2,8
ma,18.281635802469136,23.57315402178884,6.850419134067619,0.6522633744855967,,0.0,0.0,,,S2,8
linear,20.5554341456006,27.62029492702669,7.06366254565913,0.5578703703703703,,0.0,0.0,,,S2,8
ar,22.681268460537265,30.873130947511783,7.211500257790555,0.3662551440329218,,0.0,0.0,,,S2,8
lstm,22.798130825948704,30.25714023332997,7.13750020694604,0.2736625514403292,0.0,0.0,0.0,,,S2,8
gru,20.873820776862672,27.530794668371463,6.641445848792553,0.3037551440329218,0.0,0.0,0.0,,,S2,8
naive,15.824485596707818,20.54672432915856,5.7454955884879,0.6368312757201646,,0.0,0.0,,,S2,9
ma,16.243878600823045,20.713023394338904,6.080051664561887,0.690843621399177,,0.0,0.0,,,S2,9
linear,17.941763453883954,23.858236735370255,6.191649215646433,0.5740740740740741,,0.0,0.0,,,S2,9
ar,21.42514999932687,29.441469844759975,6.6380609761980205,0.3477366255144033,,0.0,0.0,,,S2,9
lstm,19.857030636788483,26.41145549169145,6.150476866523203,0.2674897119341564,,0.0,0.0,,,S2,9
gru,18.773933323570674,25.128477844771595,5.811664820003413,0.2962962962962963,,0.0,0.0,,,S2,9
naive,37.43034979423869,85.34102058353112,18.368780413667135,0.49897119341563784,1.0,0.2127659574468085,0.3508771929824561,0.0,,S3,0
ma,46.753840877914946,95.34775109327936,22.50531914069525,0.5010288065843621,,0.0,0.0,0.0,,S3,0
linear,48.28425006627756,96.19565784928204,24.976999992524142,0.5231481481481481,0.6470588235294118,0.23404255319148937,0.34375,0.0,,S3,0
ar,44.50154888654508,88.95981018306652,22.993216353112494,0.30092592592592593,0.17857142857142858,0.2127659574468085,0.1941747572815534,0.0,,S3,0
lstm,41.40183364430385,87.86505263662352,20.654887783118454,0.32844650205761317,0.9166666666666666,0.23404255319148937,0.3728813559322034,0.0,,S3,0
gru,41.665588162666126,88.4461421805673,20.79795174014949,0.3299897119341564,0.8461538461538461,0.23404255319148937,0.36666666666666675,0.0,,S3,0
naive,37.07294238683127,83.59458074565092,18.615705483434255,0.5108024691358025,1.0,0.22916666666666666,0.37288135593220334,0.0,,S3,1
ma,46.86646090534979,94.59407743403763,22.932451470088644,0.5177469135802469,,0.0,0.0,0.0,,S3,1
linear,47.40046206294126,92.20949588911115,25.252850979305673,0.5108024691358025,0.8,0.25,0.38095238095238093,0.0,,S3,1
ar,43.660682665379035,86.8707300533016,23.188976212018613,0.31815843621399176,0.1896551724137931,0.22916666666666666,0.20754716981132074,0.0,,S3,1
lstm,39.957814031660014,83.91436595002506,20.623222849101733,0.34593621399176955,1.0,0.25,0.4,0.0,,S3,1
gru,41.31648670529538,87.0793156478096,21.002528654232393,0.341820987654321,1.0,0.25,0.4,0.3333333333333333,35.0,S3,1
naive,35.241563786008236,81.64780104594281,17.740469543371105,0.4853395061728395,1.0,0.20833333333333334,0.3448275862068966,0.0,,S3,2
ma,44.68868312757202,92.4959598161159,21.865724716026318,0.4974279835390947,,0.0,0.0,0.0,,S3,2
linear,45.607475603754864,89.85427172853136,24.371769141921522,0.4930555555555556,0.6666666666666666,0.25,0.36363636363636365,0.0,,S3,2
ar,42.61361670956052,84.88699776144935,22.92499675843732,0.28703703703703703,0.1896551724137931,0.22916666666666666,0.20754716981132074,0.0,,S3,2
lstm,38.20812011635057,81.83300008093227,19.84028031876429,0.3220164609053498,1.0,0.22916666666666666,0.37288135593220334,0.0,,S3,2
gru,39.20451906999691,84.04623182447192,20.03958428593805,0.323559670781893,1.0,0.25,0.4,0.0,,S3,2
naive,37.98966049382717,85.42440458778132,18.630600789774352,0.49176954732510286,1.0,0.23404255319148937,0.3793103448275862,0.0,,S3,3
ma,47.962808641975315,96.630037050374,22.888142890865915,0.5151748971193416,,0.0,0.0,0.0,,S3,3
linear,48.354787606381606,93.731019667998,25.334485155447233,0.5051440329218106,0.6875,0.23404255319148937,0.3492063492063492,0.0,,S3,3
ar,45.21311296474039,88.72035983368433,23.40657688780307,0.29989711934156377,0.18032786885245902,0.23404255319148937,0.20370370370370372,0.0,,S3,3
lstm,41.398311322812646,86.08048069577245,20.98807289885416,0.34593621399176955,0.9166666666666666,0.23404255319148937,0.3728813559322034,0.0,,S3,3
gru,43.01992759688382,89.46180642680835,21.40527973250758,0.32844650205761317,0.8461538461538461,0.23404255319148937,0.36666666666666675,0.0,,S3,3
naive,37.173199588477374,84.6805119548664,18.50575598353815,0.46939300411522633,1.0,0.2127659574468085,0.3508771929824561,0.0,,S3,4
ma,46.72539437585734,95.26824307113091,22.67401245350607,0.4418724279835391,,0.0,0.0,0.0,,S3,4
linear,48.39984177775184,94.25661008271871,25.18207934005683,0.4974279835390947,0.6875,0.23404255319148937,0.3492063492063492,0.0,,S3,4
ar,44.66556297041827,88.16991677558647,23.64145103012762,0.2880658436213992,0.2,0.2553191489361702,0.22429906542056074,0.0,,S3,4
lstm,40.100757914953235,85.20721995318769,20.487965922996707,0.3099279835390947,0.9166666666666666,0.23404255319148937,0.3728813559322034,0.0,,S3,4
gru,41.031076509924176,87.67878188937222,20.8589481808294,0.31995884773662553,0.9090909090909091,0.2127659574468085,0.3448275862068965,0.0,,S3,4
naive,38.12988683127572,85.04600141080755,18.893391113261423,0.49228395061728397,1.0,0.22916666666666666,0.37288135593220334,0.0,,S3,5
ma,48.047496570644725,96.2439336089074,23.20764478753401,0.47710905349794236,,0.0,0.0,0.0,,S3,5
linear,48.23797060575452,93.2775919059497,25.33774996123383,0.5005144032921811,0.75,0.25,0.375,0.0,,S3,5
ar,44.75064177782391,88.34016252682427,23.388741772301604,0.3004115226337449,0.1864406779661017,0.22916666666666666,0.205607476635514,0.0,,S3,5
lstm,40.73537387820224,85.18332227408541,20.95536105077775,0.33539094650205764,1.0,0.25,0.4,0.0,,S3,5
gru,40.66388931923129,86.30607918699863,20.520629553481786,0.35030864197530864,1.0,0.25,0.4,0.0,,S3,5
naive,37.37592592592593,85.48200891261638,18.201592321505576,0.49871399176954734,1.0,0.20833333333333334,0.3448275862068966,0.0,,S3,6
ma,47.35042866941015,96.27052498808492,22.6341229539664,0.5100308641975309,,0.0,0.0,0.0,,S3,6
linear,47.93133469878533,94.89046578460544,24.52708615574639,0.5270061728395061,0.7058823529411765,0.25,0.36923076923076925,0.0,,S3,6
ar,45.26587531451347,89.1337301722054,23.468537574353405,0.29989711934156377,0.2,0.25,0.22222222222222224,0.0,,S3,6
lstm,40.66506540390764,86.88384266465626,20.249364071995696,0.34310699588477367,1.0,0.25,0.4,0.0,,S3,6
gru,41.85628146251972,88.5867048221225,20.795081226771487,0.33204732510288065,1.0,0.25,0.4,0.0,,S3,6
naive,36.53760288065844,83.35835976058615,18.481090336427965,0.507201646090535,1.0,0.20833333333333334,0.3448275862068966,0.0,,S3,7
ma,46.45293209876543,94.21669877023125,22.86091187497302,0.5210905349794238,,0.0,0.0,0.0,,S3,7
linear,46.739445676495336,91.98856757164327,24.935219707890248,0.5308641975308642,0.625,0.20833333333333334,0.3125,0.0,,S3,7
ar,43.72296758617921,86.63415319056513,23.27934311119983,0.31584362139917693,0.2033898305084746,0.25,0.22429906542056074,0.0,,S3,7
lstm,39.90798892519976,84.14500689148677,20.643700856349735,0.34233539094650206,0.9230769230769231,0.25,0.39344262295081966,0.0,,S3,7
gru,40.932305065515216,86.28396798011846,21.034939967052253,0.3492798353909465,1.0,0.25,0.4,0.0,,S3,7
naive,37.246656378600825,84.95369187607143,18.627600440567875,0.49382716049382713,1.0,0.20833333333333334,0.3448275862068966,0.0,,S3,8
ma,47.351680384087786,95.31877691108095,23.193049002604354,0.503343621399177,,0.0,0.0,0.0,,S3,8
linear,48.33649647693524,95.1838370200439,25.50426922591856,0.5005144032921811,0.8,0.25,0.38095238095238093,0.0,,S3,8
ar,43.04448412819412,88.3809187905585,22.707971684846942,0.28858024691358025,0.18333333333333332,0.22916666666666666,0.2037037037037037,0.0,,S3,8
lstm,40.90527688730926,86.60620644845922,20.857952742644624,0.3351337448559671,0.9230769230769231,0.25,0.39344262295081966,0.0,,S3,8
gru,40.8343915970005,87.43601691062591,20.870634581486186,0.33564814814814814,1.0,0.22916666666666666,0.37288135593220334,0.0,,S3,8
naive,37.044804526748976,83.84309953422627,18.396073841336094,0.5005144032921811,1.0,0.20833333333333334,0.3448275862068966,0.0,,S3,9
ma,46.24655349794239,93.91516362938206,22.494897417144998,0.4940843621399177,,0.0,0.0,0.0,,S3,9
linear,47.60326818136462,94.03061566791581,24.755343214976406,0.5100308641975309,0.8,0.25,0.38095238095238093,0.0,,S3,9
ar,44.37001845601299,87.54100653861404,23.21417156133082,0.31712962962962965,0.2,0.25,0.22222222222222224,0.0,,S3,9
lstm,40.3247476795357,84.68390026539771,20.58232307332015,0.34439300411522633,0.8333333333333334,0.20833333333333334,0.33333333333333337,0.0,,S3,9
gru,41.16275530729273,86.75098945837696,20.948536490105187,0.3279320987654321,0.9090909090909091,0.20833333333333334,0.3389830508474576,0.0,,S3,9
naive,34.44747942386831,43.540612397892836,14.959542429528206,0.5360082304526749,,0.0,0.0,,,S4,0
ma,45.49159807956104,54.77840297767577,19.87104809365846,0.5401234567901234,,0.0,0.0,,,S4,0
linear,24.76253162760207,33.31090012576558,10.60553157342124,0.540380658436214,1.0,0.012658227848101266,0.024999999999999998,,,S4,0
ar,40.54586004869192,54.10878571080562,16.683984562201072,0.43132716049382713,0.0,0.0,0.0,,,S4,0
lstm,27.73495555847707,39.47980147349709,10.132365469336214,0.27906378600823045,0.7640449438202247,0.8607594936708861,0.8095238095238095,,,S4,0
gru,27.154804904903138,39.01694066529317,10.222944671026788,0.2960390946502058,0.7848101265822784,0.7848101265822784,0.7848101265822784,,,S4,0
naive,33.73976337448559,43.08728281441309,14.989579047236354,0.5545267489711934,,0.0,0.0,,,S4,1
ma,43.89271262002744,53.725887021192975,19.594796570268723,0.565843621399177,,0.0,0.0,,,S4,1
linear,25.6122626702295,33.57122692673981,11.286726051111906,0.5516975308641975,0.5,0.010869565217391304,0.021276595744680847,,,S4,1
ar,39.189501933162354,52.353910476605755,16.467240999830373,0.44830246913580246,1.0,0.010869565217391304,0.02150537634408602,,,S4,1
lstm,27.663523422918036,37.283035804528396,10.215095805240658,0.28497942386831276,0.8,0.8260869565217391,0.8128342245989306,,,S4,1
gru,26.82036501171161,37.28241221437913,10.173774532821897,0.31121399176954734,0.8316831683168316,0.9130434782608695,0.8704663212435233,,,S4,1
naive,33.23677983539095,41.5138849547103,15.985582465858291,0.5342078189300411,,0.0,0.0,,,S4,2
ma,44.14792524005487,52.535361237780485,21.240748611973483,0.5342078189300411,,0.0,0.0,,,S4,2
linear,23.58379439791307,30.837157448189203,11.378263614750091,0.5375514403292181,,0.0,0.0,,,S4,2
ar,38.83585505512268,51.46530493305186,17.766332442506112,0.43647119341563784,0.5,0.01020408163265306,0.019999999999999997,,,S4,2
lstm,23.45841437847211,31.980110444002804,9.380692727979586,0.21939300411522633,0.9418604651162791,0.826530612244898,0.8804347826086957,,,S4,2
gru,20.21215415719212,28.330989300046046,8.42778253118001,0.26774691358024694,0.9764705882352941,0.8469387755102041,0.907103825136612,,,S4,2
naive,35.33986625514403,43.96085976591023,16.242694277633657,0.46656378600823045,,0.0,0.0,,,S4,3
ma,46.61157407407407,54.923638847516294,21.378911843965138,0.46296296296296297,,0.0,0.0,,,S4,3
linear,25.971201405985514,34.45678385721663,11.811081644363327,0.5084876543209876,1.0,0.03409090909090909,0.06593406593406592,,,S4,3
ar,43.274966628741595,56.43757774530318,18.77457016810048,0.38657407407407407,0.5,0.011363636363636364,0.022222222222222223,,,S4,3
lstm,25.61764694644468,36.289770497743746,10.32996352364668,0.2345679012345679,0.9466666666666667,0.8068181818181818,0.871165644171779,,,S4,3
gru,26.84188116896657,38.1066873780561,11.228146331214989,0.25848765432098764,0.9240506329113924,0.8295454545454546,0.874251497005988,,,S4,3
naive,33.02412551440329,42.75770993936952,15.184672263864297,0.4624485596707819,,0.0,0.0,,,S4,4
ma,43.23269890260631,53.63225112530869,19.847042170369935,0.4609053497942387,,0.0,0.0,,,S4,4
linear,24.59043753547928,33.001846626498654,11.353935823667099,0.48713991769547327,,0.0,0.0,,,S4,4
ar,41.97624564327691,56.38590636007874,18.13826848621811,0.3479938271604938,0.0,0.0,0.0,,,S4,4
lstm,28.395465653509927,39.98012244185662,11.505956864358195,0.21193415637860083,0.8461538461538461,0.8918918918918919,0.868421052631579,,,S4,4
gru,29.748226420249907,42.00897200884474,12.562389771060307,0.1911008230452675,0.8289473684210527,0.8513513513513513,0.8400000000000001,,,S4,4
naive,34.92623456790124,43.80119391611793,15.278949095926192,0.44135802469135804,,0.0,0.0,,,S4,5
ma,45.99533607681756,54.96535110115759,20.244874125383227,0.43209876543209874,,0.0,0.0,,,S4,5
linear,26.452111123288702,35.138329987097315,11.194880335529477,0.4904835390946502,,0.0,0.0,,,S4,5
ar,43.9467901789068,56.50984920137176,18.283518713541717,0.36574074074074076,0.5,0.014492753623188406,0.028169014084507046,,,S4,5
lstm,31.666548917237265,42.2643833495898,11.727863227000917,0.24511316872427982,0.6666666666666666,0.782608695652174,0.72,,,S4,5
gru,32.206098380712234,43.31730070646951,12.125941439121181,0.23251028806584362,0.7435897435897436,0.8405797101449275,0.7891156462585034,,,S4,5
naive,34.79758230452675,43.32235414093696,15.060724251294818,0.5442386831275721,,0.0,0.0,,,S4,6
ma,45.483024691358025,53.93051984273418,19.85372414980765,0.5583847736625515,,0.0,0.0,,,S4,6
linear,26.354579715911758,35.04365805828502,10.985389645275191,0.5614711934156379,1.0,0.01,0.019801980198019802,,,S4,6
ar,40.029624506186266,52.60714095642112,16.199144418499177,0.4593621399176955,1.0,0.01,0.019801980198019802,,,S4,6
lstm,27.20739298761818,38.5025914518439,9.54834650603653,0.283179012345679,0.8080808080808081,0.8,0.8040201005025126,,,S4,6
gru,25.582767073756163,36.85491340838357,9.103639008242904,0.3004115226337449,0.8118811881188119,0.82,0.8159203980099502,,,S4,6
naive,35.925102880658436,44.68497505744827,15.267637823795493,0.49948559670781895,,0.0,0.0,,,S4,7
ma,47.328275034293554,55.95492371234476,20.212024809510616,0.5002572016460906,,0.0,0.0,,,S4,7
linear,26.725914810424023,34.743871457507545,11.271868812937914,0.5213477366255144,1.0,0.01904761904761905,0.03738317757009346,,,S4,7
ar,42.781919064402864,55.23061417462754,17.304517167536257,0.4228395061728395,1.0,0.009523809523809525,0.01886792452830189,,,S4,7
lstm,30.20078956899941,43.18702698376714,10.214453995921692,0.3001543209876543,0.8522727272727273,0.7142857142857143,0.7772020725388602,,,S4,7
gru,31.337474362338927,42.4323851419681,11.330294929675837,0.3004115226337449,0.875,0.6,0.711864406779661,,,S4,7
naive,34.60956790123457,43.340764320116136,16.277375068674633,0.529835390946502,,0.0,0.0,,,S4,8
ma,46.22057613168725,54.669965272356436,21.727614627422028,0.5213477366255144,,0.0,0.0,,,S4,8
linear,25.38309063466744,33.71895692468869,12.069548331321359,0.5547839506172839,1.0,0.07865168539325842,0.14583333333333334,,,S4,8
ar,40.276415144797845,52.37469562509921,18.311655330462266,0.444701646090535,0.6666666666666666,0.02247191011235955,0.043478260869565216,,,S4,8
lstm,25.392210231363766,36.13699593419976,10.095835323635418,0.29732510288065844,0.8152173913043478,0.8426966292134831,0.8287292817679558,,,S4,8
gru,20.8899361756044,30.397821238149906,8.677034462465153,0.32510288065843623,0.8627450980392157,0.9887640449438202,0.9214659685863874,,,S4,8
naive,33.32062757201646,42.81621925961286,14.78921037344042,0.44830246913580246,,0.0,0.0,,,S4,9
ma,43.6553840877915,53.58921496817573,19.432527753868282,0.452417695473251,,0.0,0.0,,,S4,9
linear,25.0565861132265,33.50083005034294,10.937066087299618,0.4843106995884774,1.0,0.01694915254237288,0.03333333333333333,,,S4,9
ar,42.459519666659645,56.24459338650385,17.924447784798094,0.3487654320987654,,0.0,0.0,,,S4,9
lstm,28.86436750581811,41.46342509850235,11.030234441152569,0.24537037037037038,0.7125,0.9661016949152542,0.8201438848920863,,,S4,9
gru,30.057286538983274,41.84601717081958,12.093013104958917,0.20267489711934156,0.6956521739130435,0.8135593220338984,0.75,,,S4,9
naive,20.509156378600824,44.848240442428654,14.104802278568995,0.5236625514403292,1.0,0.13333333333333333,0.23529411764705882,0.0,,S5,0
ma,23.898559670781893,50.019418588580606,15.839263152867932,0.5190329218106996,,0.0,0.0,0.0,,S5,0
linear,26.193432194332864,51.97716633290332,19.112756106001697,0.5185185185185185,0.5625,0.2,0.2950819672131148,0.0,,S5,0
ar,23.27778048475715,44.41973442797265,16.57360042897715,0.31275720164609055,0.4,0.2222222222222222,0.2857142857142857,0.0,,S5,0
lstm,22.763216726556124,44.32708172442481,16.006748004824914,0.294238683127572,0.4166666666666667,0.2222222222222222,0.2898550724637681,0.3333333333333333,40.0,S5,0
gru,22.77265726132155,43.86314211924077,16.057116925390403,0.31121399176954734,0.4444444444444444,0.17777777777777778,0.25396825396825395,0.0,,S5,0
naive,36.613014403292176,72.82032831599554,19.2214202584625,0.492798353909465,1.0,0.16666666666666666,0.2857142857142857,0.16666666666666666,45.0,S5,1
ma,41.723353909465025,79.17889898999285,21.245548828231573,0.49099794238683125,,0.0,0.0,0.0,,S5,1
linear,44.82718342144459,88.44034336461009,24.72016766449561,0.5084876543209876,0.7777777777777778,0.35,0.48275862068965514,0.3333333333333333,52.5,S5,1
ar,39.60883857357052,72.90242066300961,21.758805105859576,0.3101851851851852,0.5277777777777778,0.31666666666666665,0.3958333333333333,0.3333333333333333,55.0,S5,1
lstm,38.31216393187542,74.30410591524262,20.26500161022504,0.3289609053497942,0.8421052631578947,0.26666666666666666,0.4050632911392405,0.3333333333333333,50.0,S5,1
gru,38.30453239645019,73.03521818341555,20.25040789640781,0.3227880658436214,0.8,0.26666666666666666,0.4,0.3333333333333333,50.0,S5,1
naive,48.75874485596708,88.61221060504448,26.26827937116374,0.4691358024691358,1.0,0.14893617021276595,0.25925925925925924,0.0,,S5,2
ma,61.5934499314129,100.29486636652314,32.95769687435696,0.4619341563786008,,0.0,0.0,0.0,,S5,2
linear,60.17960430227235,100.13344527811886,34.89421948444662,0.5141460905349794,0.6666666666666666,0.2553191489361702,0.36923076923076914,0.0,,S5,2
ar,50.73503144495356,85.81415443823249,27.968483383975357,0.3191872427983539,0.6607142857142857,0.39361702127659576,0.4933333333333333,0.5,26.25,S5,2
lstm,48.01750591291849,85.42555885868005,26.538150413508166,0.4050925925925926,0.8064516129032258,0.26595744680851063,0.4,0.25,12.5,S5,2
gru,50.23660832854097,85.88876586103554,27.648642740810853,0.341820987654321,0.7878787878787878,0.2765957446808511,0.4094488188976378,0.125,60.0,S5,2
naive,79.11100823045267,158.31249557487254,30.830406895471096,0.49356995884773663,1.0,0.23255813953488372,0.37735849056603776,0.2,40.0,S5,3
ma,101.62937242798354,180.15457522343667,38.68648684501704,0.48199588477366256,,0.0,0.0,0.0,,S5,3
linear,98.78062992550707,179.83731981078836,40.94561451785327,0.5,0.7096774193548387,0.2558139534883721,0.37606837606837606,0.2,40.0,S5,3
ar,81.17856109843846,151.35221490671012,33.44066532127503,0.3317901234567901,0.52,0.45348837209302323,0.484472049689441,0.7,40.714285714285715,S5,3
lstm,82.09326259163433,156.53412197643488,32.659689682347384,0.3734567901234568,0.8064516129032258,0.29069767441860467,0.4273504273504274,0.4,30.0,S5,3
gru,83.48750253074864,154.26394049768462,33.90838312120463,0.3425925925925926,0.9,0.313953488372093,0.46551724137931033,0.5,24.0,S5,3
naive,33.54927983539094,78.71325009641478,17.30959267880292,0.48148148148148145,1.0,0.20833333333333334,0.3448275862068966,0.0,,S5,4
ma,41.84761659807956,91.60559518166512,20.542894626758944,0.474022633744856,,0.0,0.0,0.0,,S5,4
linear,40.91056365200222,84.63817878450384,22.798160477045133,0.49176954732510286,0.75,0.25,0.375,0.0,,S5,4
ar,36.731118577846516,76.62650657892735,20.00651273835955,0.31455761316872427,0.5625,0.375,0.45,0.75,35.0,S5,4
lstm,34.64438935594368,75.11118000737521,18.47348464472523,0.3359053497942387,1.0,0.2916666666666667,0.45161290322580644,0.0,,S5,4
gru,36.279733414058875,77.66320087209617,19.45270602127499,0.330761316872428,1.0,0.25,0.4,0.0,,S5,4
naive,62.28137860082305,132.72414064625949,23.03888420877154,0.5100308641975309,1.0,0.19444444444444445,0.32558139534883723,0.14285714285714285,25.0,S5,5
ma,80.50564128943758,157.29758404098365,28.77855441400322,0.5061728395061729,,0.0,0.0,0.0,,S5,5
linear,67.02534395495188,134.0732287810916,27.286248932519324,0.5126028806584362,0.7142857142857143,0.2777777777777778,0.4,0.14285714285714285,25.0,S5,5
ar,67.0529599220603,129.46568647035474,27.962007519412165,0.31790123456790126,0.2857142857142857,0.2777777777777778,0.28169014084507044,0.42857142857142855,31.666666666666668,S5,5
lstm,62.58451763876796,124.99411712444618,24.97094483162658,0.35725308641975306,0.8636363636363636,0.2638888888888889,0.40425531914893614,0.2857142857142857,37.5,S5,5
gru,63.68301846071599,126.05210365806865,25.389461508637652,0.3323045267489712,0.9545454545454546,0.2916666666666667,0.4468085106382979,0.2857142857142857,35.0,S5,5
naive,66.84295267489712,129.85404005308035,27.727813892477265,0.47685185185185186,1.0,0.22666666666666666,0.3695652173913044,0.25,20.0,S5,6
ma,84.26188271604939,147.6238649545365,34.31350022955777,0.4498456790123457,,0.0,0.0,0.0,,S5,6
linear,83.25263758452397,146.82275975064493,37.3108014972154,0.49794238683127573,0.696969696969697,0.30666666666666664,0.4259259259259259,0.375,33.333333333333336,S5,6
ar,69.0995157245338,125.4665817233046,30.09383689818969,0.3382201646090535,0.5254237288135594,0.41333333333333333,0.46268656716417916,0.375,46.666666666666664,S5,6
lstm,70.85797474524306,129.43852602553042,30.546598372405093,0.34310699588477367,0.6176470588235294,0.28,0.3853211009174312,0.375,35.0,S5,6
gru,71.67205783482382,128.0565806113221,31.237322252948573,0.3433641975308642,0.5135135135135135,0.25333333333333335,0.3392857142857143,0.375,26.666666666666668,S5,6
naive,21.761728395061727,44.99890053526548,14.81504127457626,0.5074588477366255,1.0,0.08771929824561403,0.16129032258064516,0.2,40.0,S5,7
ma,26.244358710562413,51.395095254183126,17.406258601006293,0.51440329218107,,0.0,0.0,0.0,,S5,7
linear,26.758529210122283,49.61590295247851,19.415221017258936,0.5421810699588477,0.625,0.17543859649122806,0.273972602739726,0.2,40.0,S5,7
ar,23.76935561690294,44.34930284938457,16.511170287492355,0.305298353909465,0.9523809523809523,0.3508771929824561,0.5128205128205128,0.4,42.5,S5,7
lstm,23.99228020969907,44.43620723422439,16.58563914722286,0.33641975308641975,0.32,0.14035087719298245,0.19512195121951217,0.2,40.0,S5,7
gru,25.57976631526698,46.95168371311949,17.424502944658986,0.33281893004115226,0.4,0.14035087719298245,0.20779220779220778,0.2,40.0,S5,7
naive,75.47499999999998,161.3920837957493,26.517484792483454,0.47890946502057613,1.0,0.16666666666666666,0.2857142857142857,0.3,45.0,S5,8
ma,95.94734224965707,186.93913282861897,33.382124687947965,0.466820987654321,,0.0,0.0,0.0,,S5,8
linear,86.36212322894258,175.21179964552647,33.06592404715544,0.4853395061728395,0.65625,0.23333333333333334,0.3442622950819672,0.3,45.0,S5,8
ar,82.23379701634335,161.89311581566542,31.82851534023947,0.31352880658436216,0.3333333333333333,0.28888888888888886,0.3095238095238095,0.5,51.0,S5,8
lstm,80.76545793946694,160.18365815612984,30.707994997313726,0.32536008230452673,0.75,0.26666666666666666,0.3934426229508197,0.5,57.0,S5,8
gru,79.71151380696203,160.54002954960353,30.203548353065163,0.3410493827160494,0.6875,0.24444444444444444,0.360655737704918,0.5,59.0,S5,8
naive,63.194495884773666,162.1162542339024,22.231090486367005,0.5046296296296297,1.0,0.19117647058823528,0.32098765432098764,0.14285714285714285,50.0,S5,9
ma,81.14187242798354,191.85583366738814,27.388499774099127,0.4837962962962963,,0.0,0.0,0.0,,S5,9
linear,69.1434599644947,164.9906660821619,28.27354594471554,0.4948559670781893,0.7241379310344828,0.3088235294117647,0.43298969072164945,0.14285714285714285,50.0,S5,9
ar,62.676700313845735,155.02706337178822,23.192023542561262,0.31352880658436216,0.8333333333333334,0.5882352941176471,0.6896551724137931,0.8571428571428571,50.833333333333336,S5,9
lstm,63.699798651388505,153.1675695890317,23.588731967614905,0.3387345679012346,0.9411764705882353,0.23529411764705882,0.3764705882352941,0.14285714285714285,55.0,S5,9
gru,68.13690340036058,159.66998130265898,25.169246941463406,0.30632716049382713,0.76,0.27941176470588236,0.4086021505376344,0.14285714285714285,50.0,S5,9
naive,91.29799382716048,184.00179942423938,33.4358219639759,0.5246913580246914,0.96,0.21818181818181817,0.3555555555555555,0.2222222222222222,52.5,S5X,0
ma,101.8275891632373,189.64921187953692,38.45938005398212,0.5123456790123457,,0.0,0.0,0.0,,S5X,0
linear,117.40211107148843,240.17365773326657,43.293442039697844,0.5318930041152263,0.7619047619047619,0.2909090909090909,0.4210526315789473,0.2222222222222222,52.5,S5X,0
ar,96.97132399584449,185.45800614892087,38.34887806154651,0.36882716049382713,0.35714285714285715,0.2727272727272727,0.3092783505154639,0.3333333333333333,56.666666666666664,S5X,0
lstm,94.48441968186037,182.41832873483136,35.87151160316387,0.3611111111111111,0.7027027027027027,0.23636363636363636,0.3537414965986395,0.3333333333333333,53.333333333333336,S5X,0
gru,94.67630742499227,183.12748940855755,36.46279455020549,0.3816872427983539,0.9142857142857143,0.2909090909090909,0.4413793103448276,0.3333333333333333,40.0,S5X,0
naive,77.99238683127571,163.4199243258504,29.642198600726655,0.5064300411522634,0.9655172413793104,0.2692307692307692,0.4210526315789473,0.4,30.0,S5X,1
ma,89.56433470507544,170.84277308055673,34.184848144674916,0.49665637860082307,,0.0,0.0,0.0,,S5X,1
linear,101.3554156395653,204.99348665236198,40.041293215220485,0.5424382716049383,0.7045454545454546,0.2980769230769231,0.4189189189189189,0.3,33.333333333333336,S5X,1
ar,84.26941301995456,166.0939519667617,34.52217568488167,0.3413065843621399,0.525,0.40384615384615385,0.4565217391304348,0.5,36.0,S5X,1
lstm,82.79100351164496,163.13672146752842,32.72130508784771,0.36085390946502055,0.8,0.3076923076923077,0.4444444444444444,0.5,29.0,S5X,1
gru,84.54081075496232,164.98146520092158,33.95997618716107,0.35468106995884774,0.75,0.28846153846153844,0.4166666666666667,0.4,30.0,S5X,1
naive,143.54135802469133,219.4386625586166,50.12016323758527,0.5010288065843621,0.9565217391304348,0.2732919254658385,0.4251207729468599,0.29411764705882354,44.0,S5X,2
ma,162.46620370370374,227.7565258077383,58.27122980656557,0.4920267489711934,,0.0,0.0,0.0,,S5X,2
linear,192.2461430215759,285.7301304280078,69.0913571456045,0.5411522633744856,0.7162162162162162,0.32919254658385094,0.451063829787234,0.35294117647058826,50.833333333333336,S5X,2
ar,149.06718949889068,221.9502985129298,53.21588387282535,0.39711934156378603,0.68,0.5279503105590062,0.5944055944055944,0.6470588235294118,45.45454545454545,S5X,2
lstm,149.00159201073816,221.20172860422736,52.42883223594488,0.39454732510288065,0.9607843137254902,0.30434782608695654,0.46226415094339623,0.35294117647058826,41.666666666666664,S5X,2
gru,152.33150704372508,223.63207708587203,54.41851901757298,0.3726851851851852,0.8596491228070176,0.30434782608695654,0.4495412844036698,0.35294117647058826,40.833333333333336,S5X,2
naive,121.79727366255143,231.56330261352713,39.99354969128447,0.4868827160493827,0.9393939393939394,0.26495726495726496,0.4133333333333334,0.23076923076923078,31.666666666666668,S5X,3
ma,136.82666323731138,234.51134617521356,47.47852476047697,0.48122427983539096,,0.0,0.0,0.0,,S5X,3
linear,162.33929465935543,315.90820174135064,53.180637439921504,0.5558127572016461,0.66,0.28205128205128205,0.39520958083832336,0.3076923076923077,25.0,S5X,3
ar,127.90435922255213,235.78816810570524,44.191240913692596,0.36882716049382713,0.5263157894736842,0.5128205128205128,0.5194805194805194,0.8461538461538461,39.09090909090909,S5X,3
lstm,128.76173791183146,236.66351257002844,43.28005364947099,0.34516460905349794,0.9142857142857143,0.27350427350427353,0.42105263157894735,0.23076923076923078,31.666666666666668,S5X,3
gru,125.90650727050141,229.57035605692474,42.72889906037507,0.3446502057613169,0.723404255319149,0.2905982905982906,0.41463414634146345,0.3076923076923077,33.75,S5X,3
naive,83.51512345679012,179.89862537418855,31.065183070206643,0.49665637860082307,0.92,0.26136363636363635,0.4070796460176991,0.0,,S5X,4
ma,96.47841220850479,189.25600891425057,36.012751142698505,0.45859053497942387,,0.0,0.0,0.0,,S5X,4
linear,108.00573851796368,223.6084618744204,41.31193034729803,0.5324074074074074,0.7142857142857143,0.2840909090909091,0.40650406504065045,0.0,,S5X,4
ar,88.05316152405214,182.3596706938503,34.70532142601464,0.3374485596707819,0.6101694915254238,0.4090909090909091,0.489795918367347,0.5,33.75,S5X,4
lstm,88.26324017083661,181.71879173057977,33.7588259601009,0.32407407407407407,0.7857142857142857,0.25,0.37931034482758624,0.0,,S5X,4
gru,86.5876925898426,179.41939009511577,33.26334272603192,0.3248456790123457,0.7333333333333333,0.25,0.3728813559322034,0.0,,S5X,4
naive,120.0099794238683,246.78318202430478,37.768491604422515,0.5012860082304527,0.9354838709677419,0.23015873015873015,0.36942675159235666,0.18181818181818182,52.5,S5X,5
ma,141.66776406035666,263.14718167127756,46.15279412517056,0.48199588477366256,,0.0,0.0,0.0,,S5X,5
linear,152.2882826523924,316.38484854461683,50.021650152267604,0.5522119341563786,0.723404255319149,0.2698412698412698,0.39306358381502887,0.18181818181818182,52.5,S5X,5
ar,121.09309296862723,241.99586070697487,41.311682988606314,0.38914609053497945,0.6607142857142857,0.5873015873015873,0.6218487394957983,0.5454545454545454,55.0,S5X,5
lstm,125.91270864970802,243.44003233318838,42.187905572000936,0.3341049382716049,0.9047619047619048,0.30158730158730157,0.4523809523809524,0.36363636363636365,40.0,S5X,5
gru,124.91469466275511,238.3885637246744,42.65945707100588,0.36882716049382713,0.8717948717948718,0.2698412698412698,0.4121212121212121,0.2727272727272727,40.0,S5X,5
naive,122.6079218106996,204.25034903839094,45.33757590116471,0.4794238683127572,0.9361702127659575,0.2972972972972973,0.4512820512820513,0.07692307692307693,50.0,S5X,6
ma,135.58984910836764,208.97713659967488,52.28396812600368,0.45010288065843623,,0.0,0.0,0.0,,S5X,6
linear,166.350820232356,276.3729267316915,62.19083991955936,0.5573559670781894,0.7230769230769231,0.31756756756756754,0.44131455399061026,0.07692307692307693,50.0,S5X,6
ar,128.41729434261114,207.6148706685175,49.57678418040509,0.3845164609053498,0.5702479338842975,0.46621621621621623,0.5130111524163569,0.46153846153846156,43.333333333333336,S5X,6
lstm,129.0092317431909,206.74251525302108,48.17046475272258,0.3654835390946502,0.9387755102040817,0.3108108108108108,0.46700507614213194,0.07692307692307693,50.0,S5X,6
gru,127.65286172802764,201.677868510253,49.957993675440875,0.36162551440329216,0.8421052631578947,0.32432432432432434,0.46829268292682935,0.07692307692307693,50.0,S5X,6
naive,72.09835390946503,133.86568086856053,33.48188917925106,0.5066872427983539,0.9117647058823529,0.25,0.3924050632911393,0.2,17.5,S5X,7
ma,80.34737654320989,137.02144577221813,38.41180789205483,0.48405349794238683,,0.0,0.0,0.0,,S5X,7
linear,98.79763766983254,176.42989757037827,48.05999626874973,0.5612139917695473,0.7142857142857143,0.28225806451612906,0.40462427745664736,0.2,20.0,S5X,7
ar,76.70230053900268,136.89995456398407,36.47061831505224,0.38143004115226337,0.6438356164383562,0.3790322580645161,0.47715736040609136,0.6,26.666666666666668,S5X,7
lstm,77.61963225386499,136.97869612891353,36.40921437730216,0.35288065843621397,0.8536585365853658,0.28225806451612906,0.42424242424242425,0.3,21.666666666666668,S5X,7
gru,76.78741198979098,135.62122977596968,36.395424564115245,0.3706275720164609,0.926829268292683,0.3064516129032258,0.46060606060606063,0.5,29.0,S5X,7
naive,163.2364711934156,289.3431983831956,50.1104236927229,0.5018004115226338,0.975,0.2708333333333333,0.4239130434782608,0.17647058823529413,23.333333333333332,S5X,8
ma,191.9351851851852,310.8741813647956,60.32659320573045,0.4683641975308642,,0.0,0.0,0.0,,S5X,8
linear,208.88946104108865,363.9155495291614,66.56914818196125,0.5336934156378601,0.7241379310344828,0.2916666666666667,0.4158415841584159,0.17647058823529413,25.0,S5X,8
ar,166.54971478016716,285.8370907013236,54.74932554051213,0.39017489711934156,0.5851851851851851,0.5486111111111112,0.5663082437275986,0.5882352941176471,44.0,S5X,8
lstm,170.80976263473863,290.5787623803717,54.22652825236042,0.37037037037037035,0.9069767441860465,0.2708333333333333,0.4171122994652406,0.17647058823529413,23.333333333333332,S5X,8
gru,168.83383246382797,285.4869752932616,54.66302222879873,0.3593106995884774,0.9523809523809523,0.2777777777777778,0.4301075268817204,0.35294117647058826,30.0,S5X,8
naive,125.31430041152267,247.65035516961782,41.123173690695566,0.5120884773662552,0.9487179487179487,0.296,0.4512195121951219,0.15384615384615385,25.0,S5X,9
ma,140.19754801097395,260.8555788972859,45.79638993317598,0.5102880658436214,,0.0,0.0,0.0,,S5X,9
linear,161.66196166578243,310.1710486948779,54.44190998506253,0.5468106995884774,0.75,0.336,0.46408839779005523,0.15384615384615385,42.5,S5X,9
ar,128.98077472894863,249.91271933303187,43.48270788342338,0.3896604938271605,0.8292682926829268,0.544,0.6570048309178744,0.7692307692307693,35.5,S5X,9
lstm,129.3633182117254,247.83180698211294,42.64348917132189,0.33281893004115226,0.9722222222222222,0.28,0.4347826086956523,0.23076923076923078,31.666666666666668,S5X,9
gru,128.36699384521577,244.50315687120982,42.54214397627771,0.3577674897119342,0.9459459459459459,0.28,0.4320987654320988,0.15384615384615385,25.0,S5X,9
