profile,config,n,p95,p95_lo,p95_hi,p99,p99_lo,p99_hi,err_rate,err_rate_lo,err_rate_hi,slo_viol_s,slo_viol_s_lo,slo_viol_s_hi,react_s,react_s_lo,react_s_hi,pod_s,pod_s_lo,pod_s_hi,scale_ev,scale_ev_lo,scale_ev_hi,jain,jain_lo,jain_hi,cv,cv_lo,cv_hi,fb_frac
S1,A1,10,0.0200678109001818,0.0200678109001818,0.0200678109001818,0.0200678109001818,0.0200678109001818,0.0200678109001818,0.0,0.0,0.0,0.0,0.0,0.0,,,,9000.0,9000.0,9000.0,0.0,0.0,0.0,0.9998167204594524,0.9998157872200482,0.9998212069848094,0.011954139478310949,0.0118681799697702,0.0120131455171264,0.0
S1,A2,10,0.0200678109001818,0.0200678109001818,0.0200678109001818,0.0200678109001818,0.0200678109001818,0.0200678109001818,0.0,0.0,0.0,0.0,0.0,0.0,,,,9000.0,9000.0,9000.0,0.0,0.0,0.0,0.9998167204594524,0.9998157852584414,0.9998212069848094,0.011954139478310949,0.0118512868588362,0.0120131455171264,0.0
S1,A3,10,0.0200678109001818,0.0200678109001818,0.0200678109001818,0.0200678109001818,0.0200678109001818,0.0200678109001818,0.0,0.0,0.0,0.0,0.0,0.0,,,,9000.0,9000.0,9000.0,0.0,0.0,0.0,0.9998167204594524,0.9998157872200482,0.9998212069848094,0.011954139478310949,0.0118512868588362,0.01204585320046515,0.0
S1,A4,10,0.0200678109001818,0.0200678109001818,0.0200678109001818,0.0200678109001818,0.0200678109001818,0.0200678109001818,0.0,0.0,0.0,0.0,0.0,2.5,,,,9000.0,9000.0,9000.0,0.0,0.0,1.0,0.999816465182152,0.9996250761188366,0.9998212069848094,0.011954139478310949,0.0118512868588362,0.012786420003944799,0.0
S1,B1,10,0.0200678109001818,0.0200678109001818,0.0200678109001818,0.2100183344496184,0.0808164929112537,0.3694026443582835,0.0,0.0,0.0,0.0,0.0,5.037499999999795,,,,9560.0,9450.0,9700.0,12.0,10.0,14.0,0.9979651861990219,0.9977179675324512,0.9981609339506988,0.020564647794278502,0.0190566075852736,0.0218195518663165,0.0
S1,B2,10,0.0200678109001818,0.0200678109001818,0.0200678109001818,0.2100183344496184,0.0808164929112537,0.3694026443582835,0.0,0.0,0.0,0.0,0.0,5.0,,,,9522.5,9365.0,9650.0,10.0,8.0,12.5,0.9982067495810873,0.9978568071676603,0.9984106115307748,0.019310255251662703,0.0180179687927404,0.02062979473324505,0.0
S1,B3,10,0.0200678109001818,0.0200678109001818,0.0200678109001818,0.0200678109001818,0.0200678109001818,0.0200678109001818,0.0,0.0,0.0,0.0,0.0,0.0,,,,10510.0,10310.0,10625.0,8.0,6.0,11.0,0.9984655147317062,0.9980517680864236,0.998681630111295,0.019700111620289153,0.01853652324006825,0.0217055257651844,0.0
S1,B4,10,0.0200678109001818,0.0200678109001818,0.0200678109001818,0.28466197746591604,0.1621810097358929,0.3897498640685073,0.0,0.0,0.0,21.5,15.0,26.0,,,,9560.0,9450.0,9700.0,12.0,10.0,14.0,0.9973975114238306,0.9967580353851252,0.9977149428468606,0.02274953397600865,0.0212405516391904,0.0251890675749907,0.0
S1,B5,10,0.0200678109001818,0.0200678109001818,0.0200678109001818,0.2100183344496184,0.0808164929112537,0.3694026443582835,0.0,0.0,0.0,0.0,0.0,7.0,,,,9560.0,9450.0,9700.0,12.0,10.0,14.0,0.9979651861990219,0.9977179675324512,0.9981609339506988,0.020564647794278502,0.0190566075852736,0.0218195518663165,0.0
S1,B6,10,0.0200678109001818,0.0200678109001818,0.0200678109001818,0.21271068453198794,0.0808164929112537,0.3694026443582835,0.0,0.0,0.0,0.0,0.0,6.5,,,,8980.0,8970.0,8980.0,2.0,2.0,3.0,0.9992259801701298,0.9991730173938072,0.9992927751798699,0.01374404690033665,0.0136208230144077,0.014293445405458,0.0
S1,B7,10,0.0200678109001818,0.0200678109001818,0.0200678109001818,0.2100183344496184,0.0808164929112537,0.3694026443582835,0.0,0.0,0.0,0.0,0.0,5.0,,,,9152.5,9050.0,9275.0,7.0,4.0,9.5,0.9985807377364616,0.9982924137780176,0.9989617395032035,0.0170341400426256,0.0150489067759336,0.0187538169097827,0.0
S2,A1,10,0.0200678109001818,0.0200678109001818,0.0200678109001818,0.0200678109001818,0.0200678109001818,0.0200678109001818,0.0,0.0,0.0,0.0,0.0,0.0,,,,23400.0,23400.0,23400.0,0.0,0.0,0.0,0.9991381688454162,0.9991277680620779,0.9991540613318364,0.02301088860540925,0.022875684398636652,0.023233246077866497,0.0
S2,A2,10,0.0200678109001818,0.0200678109001818,0.0200678109001818,1.0045787701272602,0.7786954936980082,1.214741855512597,0.00015736894812145002,0.00011427211731229935,0.0003265788461186,142.5,126.0,150.5,,,,17070.0,16995.0,17250.0,9.0,8.0,10.0,0.9962534732755604,0.9959416879924856,0.9964871587494832,0.0272179761952503,0.0264473728952271,0.0287702785826415,0.0
S2,A3,10,0.0200678109001818,0.0200678109001818,0.0200678109001818,0.0242661009508241,0.0227771824185732,0.0258523483956219,0.0,0.0,0.0,41.5,37.5,47.0,,,,17107.5,16785.0,17205.0,9.0,8.0,10.0,0.9978259947195027,0.997601892068523,0.9980780339371416,0.02156424985744725,0.020577686255306,0.022436868895813297,0.0
S2,A4,10,0.0200678109001818,0.0200678109001818,0.0200678109001818,0.02547502184398425,0.02388797931339775,0.0284282417520418,0.0,0.0,0.0,48.5,45.5,56.0,,,,16380.0,16210.0,16655.0,13.0,12.0,14.0,0.9975733639818206,0.9974399565454366,0.9979975720948928,0.0232149401341139,0.02195223984676755,0.0235188870993413,0.0
S2,B1,10,0.0200678109001818,0.0200678109001818,0.0200678109001818,0.0200678109001818,0.0200678109001818,0.0200678109001818,0.0,0.0,0.0,0.0,0.0,0.0,,,,18762.5,18600.0,18900.0,18.0,16.0,20.0,0.9970986972335264,0.9969861451705854,0.9971305595538368,0.02723210728496215,0.0260906290332416,0.028103243537781184,0.0
S2,B2,10,0.0200678109001818,0.0200678109001818,0.0200678109001818,0.0200678109001818,0.0200678109001818,0.0200678109001818,0.0,0.0,0.0,0.0,0.0,0.0,,,,18510.0,18375.0,18632.5,17.0,15.0,19.0,0.9971681565552075,0.9970649159617765,0.9972322531345892,0.026712539002485602,0.0259929706723496,0.0273631259184214,0.0
S2,B3,10,0.0200678109001818,0.0200678109001818,0.0200678109001818,0.0200678109001818,0.0200678109001818,0.0200678109001818,0.0,0.0,0.0,0.0,0.0,0.0,,,,18892.5,18732.5,19065.0,15.0,14.0,16.0,0.9972200591572723,0.9971081975957719,0.9972843883033315,0.026537772743993347,0.0261855768720679,0.02721763768241115,0.0
S2,B4,10,0.0200678109001818,0.0200678109001818,0.0200678109001818,0.025059224673223,0.0242661009508241,0.0258523483956219,0.0,0.0,0.0,32.0,27.0,34.0,,,,18762.5,18600.0,18900.0,18.0,16.0,20.0,0.9961703304915246,0.9959723690096737,0.9964017962629074,0.03172506133731315,0.0299158292032039,0.0327972591938705,0.0
S2,B5,10,0.0200678109001818,0.0200678109001818,0.0200678109001818,0.0200678109001818,0.0200678109001818,0.0200678109001818,0.0,0.0,0.0,0.0,0.0,0.0,,,,18762.5,18600.0,18900.0,18.0,16.0,20.024999999999864,0.9970986972335264,0.9969279824964794,0.9971305595538368,0.02723210728496215,0.0262976503428926,0.028102637770039247,0.0
S2,B6,10,0.0200678109001818,0.0200678109001818,0.0200678109001818,0.0200678109001818,0.0200678109001818,0.0200678109001818,0.0,0.0,0.0,0.0,0.0,0.0,,,,16857.5,16682.5,17140.0,15.0,13.5,15.5,0.9970435442281533,0.9970195222507356,0.9973178458680388,0.02547202267508215,0.0246882236213077,0.02577745903101625,0.0
S2,B7,10,0.0200678109001818,0.0200678109001818,0.0200678109001818,0.0200678109001818,0.0200678109001818,0.0213796208950223,0.0,0.0,0.0,0.0,0.0,0.0,,,,17820.0,17699.6875,18200.0,20.5,18.0,22.0,0.9967115225943571,0.9965332111751619,0.9969315892246797,0.02785154829692385,0.0269263313878672,0.0287696152461878,0.0
S3,A1,10,0.0200678109001818,0.0200678109001818,0.0200678109001818,0.0200678109001818,0.0200678109001818,0.0200678109001818,0.0,0.0,0.0,0.0,0.0,0.0,0.0,0.0,0.0,18000.0,18000.0,18000.0,0.0,0.0,0.0,0.9986835687842548,0.9986376315405032,0.998707441146559,0.031712555664991704,0.0312527829120587,0.0320799396602537,0.0
S3,A2,10,2.0417379446695296,2.0417379446695296,2.0417379446695296,3.726061338637685,3.726061338637685,3.726061338637685,0.14638016664923975,0.1395951500605967,0.1525488116556844,392.0,383.0,399.0,108.66666666666666,103.83333333333331,111.66666666666669,14407.5,14265.0,14677.5,21.0,20.0,22.0,0.9934797217294191,0.9932891460793549,0.9936928675039904,0.03904694354557425,0.0385732333301668,0.03959402897943255,0.0
S3,A3,10,2.0417379446695296,2.0417379446695296,2.0417379446695296,3.907773777376802,3.726061338637685,3.9696297343000686,0.14323444628179555,0.13585075713502032,0.149381052558374,348.0,337.0,363.0,108.66666666666666,103.83333333333331,111.67499999999997,14857.5,14775.0,15067.5,21.0,20.5,23.0,0.9954173097340375,0.9953257015125268,0.9954988437933865,0.033363879539009794,0.032895991347195896,0.033779082403236696,0.0
S3,A4,10,2.0417379446695296,2.0417379446695296,2.0417379446695296,3.9696297343000686,3.9696297343000686,3.9696297343000686,0.16162544421699088,0.15574194600642138,0.16451244069637566,374.0,371.0,380.0,115.83333333333334,114.66666666666669,117.1708333333333,10035.0,9980.0,10155.0,30.0,30.0,31.0,0.9961954478243116,0.9960923648539444,0.996255433020794,0.023118349343160198,0.022599824903046,0.023450326617552752,0.0
S3,B1,10,2.0417379446695296,2.0417379446695296,2.0417379446695296,2.0417379446695296,2.0417379446695296,2.0417379446695296,0.0494080382918584,0.0484315306158213,0.0505223263506925,135.0,133.0,135.0,43.83333333333333,43.5,44.333333333333336,11990.0,11630.0,12055.0,23.0,21.5,26.0,0.9983361481430938,0.9979394995067552,0.9984511723480416,0.022169495491437402,0.0214015542374204,0.0236180864649409,0.04027777777777775
S3,B2,10,2.0417379446695296,2.0417379446695296,2.0417379446695296,2.0417379446695296,2.0417379446695296,2.0417379446695296,0.04908337404233275,0.048469042567019296,0.05015385755679585,133.5,132.0,136.0,43.83333333333333,43.333333333333336,44.66666666666666,11967.5,11925.0,12050.0,23.0,21.0,24.0,0.9985248123320696,0.9983424426784513,0.9987189264161636,0.02150186291628705,0.0207804449335161,0.0221538652344507,0.0
S3,B3,10,2.0417379446695296,2.0417379446695296,2.0417379446695296,2.0417379446695296,2.0417379446695296,2.0417379446695296,0.048103241838475655,0.0470987704030389,0.04934826872171285,128.5,127.0,129.5,41.83333333333333,41.333333333333336,42.66666666666666,13082.5,12810.0,13135.0,19.5,19.0,21.0,0.9984386771172874,0.9983406563153054,0.9985396317669508,0.023368469300799097,0.0224343249925752,0.02403433101800575,0.0
S3,B4,10,2.0417379446695296,2.0417379446695296,2.0417379446695296,2.672572001288942,2.4738313209319305,2.802205621666748,0.047275751534530897,0.0463006374953639,0.04797758322359021,145.5,142.0,148.0,43.83333333333333,43.5,44.333333333333336,11990.0,11630.0,12040.0,23.0,21.5,26.0,0.9973457998875614,0.9970229442955318,0.9979652873077149,0.024559933775270548,0.02268778495869475,0.02561752250234605,0.04027777777777775
S3,B5,10,2.0417379446695296,2.0417379446695296,2.0417379446695296,2.0417379446695296,2.0417379446695296,2.0417379446695296,0.0494080382918584,0.0484315306158213,0.0505223263506925,135.0,133.0,135.0,43.83333333333333,43.5,44.333333333333336,12055.0,11870.0,12125.0,22.5,21.0,26.0,0.998548494826469,0.998328823951235,0.998755862745208,0.02131797852648175,0.020276577216564548,0.022457837491559697,0.0
S3,B6,10,2.0417379446695296,2.0417379446695296,2.0417379446695296,2.0417379446695296,2.0417379446695296,2.0417379446695296,0.06115044464200245,0.0565138590512445,0.0655608485554679,144.0,142.0,145.0,46.83333333333333,46.333333333333336,47.66666666666666,10925.0,10747.5,11197.5,22.0,18.0,23.0,0.9984795868635261,0.9979364198841996,0.9987881904663506,0.0199345930011261,0.0183882085743516,0.0212602457163064,0.0
S3,B7,10,2.0417379446695296,2.0417379446695296,2.0417379446695296,2.0417379446695296,2.0417379446695296,2.0417379446695296,0.05316351021392805,0.048819126811926544,0.05741816921165835,130.5,129.5,132.51249999999993,42.83333333333333,42.33333333333333,43.0,12135.0,12060.0,12302.5,31.5,28.5,33.5,0.9966296411802602,0.9963750570886672,0.9969061502379262,0.02596829101620995,0.02479846444053915,0.0276466528453344,0.1916666666666666
S4,A1,10,0.0200678109001818,0.0200678109001818,0.0200678109001818,0.0200678109001818,0.0200678109001818,0.0200678109001818,0.0,0.0,0.0,0.0,0.0,0.0,,,,19800.0,19800.0,20700.0,0.0,0.0,0.0,0.9993525384126807,0.9993048787361366,0.999368526385072,0.02121895674691715,0.0210012932255775,0.02203034231885865,0.0
S4,A2,10,1.7463049449353791,1.2302687708123812,1.9174216637819728,2.8472749960829473,2.7148760106825023,2.892344370499147,0.00532242080794765,0.0036420087412811003,0.0057048972599715,289.0,281.0,295.0,,,,18877.5,18547.5,19260.0,38.0,36.0,44.0,0.9948120775472611,0.9946734246525103,0.9950609541805198,0.03564815472243405,0.034925765882229245,0.0365085434701218,0.0
S4,A3,10,1.2941481502568823,0.5721605497204179,1.4644664080833625,2.0417379446695296,2.009922973801385,2.0417379446695296,0.00370725644571605,0.0009161592836738,0.0040449831637967,178.0,156.0,195.0,,,,19252.5,18862.5,19650.0,38.5,37.0,44.0,0.9966836483182024,0.9965505939824004,0.9968711679858248,0.0284289484192136,0.0276589448467866,0.0290981008961216,0.0
S4,A4,10,0.18740850888367122,0.11702697316304106,0.6327760017024558,1.7156528430796087,1.3862113867539785,2.0417379446695296,0.0004747944825742,0.0,0.0014301815442883,149.5,126.0,175.0,,,,15490.0,15340.0,15690.0,46.5,43.0,49.0,0.996621179127507,0.9963395208804766,0.9972210874335514,0.02754978883674595,0.0251137913856765,0.02927896772191405,0.0
S4,B1,10,0.0200678109001818,0.0200678109001818,0.0200678109001818,2.0417379446695296,0.0284282417520418,2.0417379446695296,0.0037495644513979,0.0,0.0176510358284094,45.5,0.0,53.0,,,,18092.5,17820.0,18305.0,61.5,59.0,64.0,0.9938680297891105,0.9936940113340902,0.9943061731546676,0.0438632473023731,0.0421037404522613,0.04463979233192825,0.0
S4,B2,10,0.0200678109001818,0.0200678109001818,0.0200678109001818,2.0417379446695296,0.0284282417520418,2.0417379446695296,0.0037495644513979,0.0,0.0176510358284094,45.5,0.0,51.0,,,,17912.5,17562.5,18125.0,56.0,53.0,58.5,0.9941728827269712,0.9940636667373216,0.9950040445404036,0.0413518358153166,0.0390053595436696,0.04362691197669915,0.0
S4,B3,10,0.0200678109001818,0.0200678109001818,0.022078401656797753,0.9913057078462925,0.0366226696924919,2.0417379446695296,7.025886488435e-05,0.0,0.0124272982133143,25.0,0.0,48.0,,,,16995.0,16877.25,17217.5,48.0,45.5,50.0,0.9949976709217124,0.9946496724926013,0.9953834604582981,0.0396346401287498,0.037904209627783805,0.0410542414328448,0.0
S4,B4,10,0.022422261554709548,0.0200678109001818,0.0258523483956219,2.0417379446695296,0.2089296130854039,2.0417379446695296,0.0037495644513979,0.0,0.0168125290421752,92.0,81.0,109.0,,,,18092.5,17820.0,18305.0,61.5,58.5,64.0,0.9907605876074039,0.9902783308773594,0.9920110145871153,0.05435175100126895,0.0509973882272257,0.0560201525252676,0.0
S4,B5,10,0.0200678109001818,0.0200678109001818,0.0200678109001818,2.0417379446695296,0.0284282417520418,2.0417379446695296,0.0037495644513979,0.0,0.0176510358284094,45.5,0.0,53.0,,,,18092.5,17820.0,18305.0,61.5,58.5,64.0,0.9938680297891105,0.9937231785527026,0.9943061731546676,0.0438632473023731,0.0421037404522613,0.0444632775072688,0.0
S4,B6,10,0.0275560922445931,0.021788834288076597,0.0429042189238885,2.0417379446695296,0.1258925411794167,2.0417379446695296,0.0037495644513979,0.0,0.0176510358284094,50.5,0.0,59.0,,,,15287.5,15095.0,15400.0,49.5,46.5,53.0,0.9949118108548078,0.9944665774095204,0.9951938038649812,0.038498823319057754,0.036305198622714,0.04039981062724788,0.0
S4,B7,10,0.0200678109001818,0.0200678109001818,0.0220673406908459,2.0417379446695296,0.0312607936712395,2.0417379446695296,0.0037495644513979,0.0,0.0176510358284094,45.5,0.0,53.0,,,,15917.5,15752.5,16125.0,52.0,49.5,55.0,0.9942940801858197,0.9940481604847923,0.9946577978822247,0.03944455242526565,0.03826208702940585,0.0412687316029717,0.0
S5,A1,10,0.0200678109001818,0.0200678109001818,0.0200678109001818,0.0200678109001818,0.0200678109001818,0.0200678109001818,0.0,0.0,0.0,0.0,0.0,0.0,0.0,0.0,0.0,25200.0,19800.0,37800.0,0.0,0.0,0.0,0.9973101678969101,0.9941571912561935,0.9986482657208884,0.046581058600797795,0.0340207982512277,0.06627582114990516,0.0
S5,A2,10,2.0417379446695296,2.0417379446695296,2.295017346324438,2.9853826189179604,2.421971783168139,3.4993789013554344,0.0902360614468761,0.0438599655933252,0.18792805924451889,248.5,180.5,345.0,57.875,47.125,76.3,13275.0,10695.0,15015.0,20.0,12.0,23.012499999999932,0.9937121496064871,0.9920756016113121,0.9951435389952585,0.0355682262371989,0.0294582039396813,0.0407717682006739,0.0
S5,A3,10,2.0417379446695296,2.0417379446695296,2.295017346324438,2.7148760106825023,2.0417379446695296,3.726061338637685,0.08824257248639335,0.042099877061737845,0.1722828424603264,239.0,140.0,311.0,57.875,47.125,73.55,13350.0,10785.0,15022.49999999996,20.5,12.0,23.0,0.9952702228736315,0.993862404900321,0.9964765162955604,0.031025312178908353,0.0263423043039572,0.0368788908859626,0.0
S5,A4,10,2.0417379446695296,2.0417379446695296,2.0745763099831143,3.49743780366418,2.6302679918953813,3.847845536468877,0.15750806592632693,0.0555166697731229,0.281536332873166,376.5,246.0,399.0,73.4625,65.5,99.28571428571428,9347.5,8432.5,10132.5,39.0,30.0,45.0,0.9944353788332823,0.9932919168004106,0.9956253823721316,0.02812054192118885,0.02502382947533685,0.0321080572183721,0.0
S5,B1,10,2.0417379446695296,1.3372569731859927,2.0417379446695296,2.0417379446695296,2.0417379446695296,2.0417379446695296,0.054526294741407,0.0131143266377317,0.09409678022911845,158.0,79.0,213.5,45.04166666666667,31.25,54.142857142857146,12557.5,10620.0,14550.0,34.0,26.0,42.0,0.9966375962097178,0.995903612613116,0.9977857614321648,0.028704060978134452,0.0242699974008588,0.0321271955088718,0.07361111111111104
S5,B2,10,2.0417379446695296,1.286029078964242,2.0417379446695296,2.0417379446695296,2.0417379446695296,2.0417379446695296,0.04914548642484185,0.0113978732298939,0.0816554068257597,152.5,73.0,212.0,42.55,22.583333333333336,50.0,12747.5,10820.0,14810.0,36.5,23.0,47.0,0.9971838291803967,0.9965537473931606,0.9979698167999216,0.0272161934960189,0.02382775011465875,0.0313294920998731,0.06527777777777775
S5,B3,10,2.0417379446695296,1.3579388972796895,2.0417379446695296,2.0417379446695296,2.0417379446695296,2.0417379446695296,0.04514172621732675,0.0104118118603307,0.06958065954844435,118.0,72.0,157.5,38.75,29.375,47.78839285714279,14040.0,11005.0,16587.5,26.0,17.0,32.0,0.9976860052988424,0.997167257918899,0.997878846810888,0.0273278257108064,0.02353875773191945,0.03026571725801695,0.0
S5,B4,10,2.0417379446695296,1.4550991520343024,2.0417379446695296,4.167394028350865,2.0417379446695296,4.650503761666063,0.0525430983124232,0.0136518839004929,0.08553237172299735,185.5,95.0,243.01249999999993,45.04166666666667,31.25,54.142857142857146,12557.5,10365.0,14550.0,34.0,26.0,42.0,0.9958119090741526,0.994700722651784,0.9970384847308318,0.0303782308951177,0.0273904064640413,0.0343442919108699,0.07361111111111104
S5,B5,10,2.0417379446695296,1.3372569731859927,2.0417379446695296,2.0417379446695296,2.0417379446695296,2.0417379446695296,0.054526294741407,0.0128717213622976,0.082328895155735,155.5,79.0,190.0,43.06666666666666,31.25,53.339285714285715,13020.0,10365.0,14417.5,39.5,29.0,51.01249999999993,0.9970376193487076,0.995903612613116,0.9976084496788086,0.0287349187071093,0.0252139258522276,0.0315145115824508,0.0
S5,B6,10,2.0417379446695296,2.009922973801385,2.0417379446695296,2.0417379446695296,2.0417379446695296,2.0417379446695296,0.07419566864889325,0.0240162117360596,0.1075123459385338,193.0,97.0,231.0,46.16666666666667,39.45,56.31428571428572,11630.0,8977.5,13232.5,39.5,24.0,43.0,0.99755793640774,0.997349810098342,0.9979134353289092,0.0236438029671822,0.022197613784142152,0.02471426492538705,0.0
S5,B7,10,2.0417379446695296,2.0417379446695296,2.0417379446695296,2.0417379446695296,2.0417379446695296,2.0417379446695296,0.059997165122589804,0.03893520109648395,0.0888252681825678,166.5,116.0,190.0,42.22916666666667,34.0,48.5,14117.5,10657.5,16715.0,33.5,27.5,45.0,0.9953802311844626,0.994227493058609,0.9962489950310831,0.03235951053199715,0.0279331163956411,0.0373342348769376,0.15277777777777773
S5X,A1,10,0.0200678109001818,0.0200678109001818,0.0200678109001818,0.0200678109001818,0.0200678109001818,0.0200678109001818,0.0,0.0,0.0,0.0,0.0,0.0,0.0,0.0,0.0,45000.0,39600.0,57600.0,0.0,0.0,0.0,0.9918232995796645,0.98667680774643,0.9934425102862671,0.08147898780978394,0.0692352550545011,0.1038657296021759,0.0
S5X,A2,10,2.0417379446695296,2.0417379446695296,2.0417379446695296,2.5085884264427776,2.0417379446695296,2.91659408612135,0.16756259527439535,0.08375821332978685,0.2245822494932008,291.5,162.0,373.0,51.27058823529411,45.19615384615385,61.1764705882353,14902.5,13642.5,20130.0,21.5,18.5,29.5,0.989906209862834,0.9865122894134011,0.9914003560936289,0.048873233018700696,0.04246904964616475,0.0591662523601204,0.0
S5X,A3,10,2.0417379446695296,2.0417379446695296,2.0417379446695296,2.3220420694628654,2.0417379446695296,2.7148760106825023,0.1669126030523142,0.0861359196204298,0.22599617761713342,272.5,154.0,344.0,51.27058823529411,46.32058823529412,57.52941176470589,14797.5,13642.5,20100.0,21.5,19.0,29.5,0.991633091090196,0.9896145506275553,0.9927898476809957,0.043445193549976655,0.0407697353177306,0.0531167766716622,0.0
S5X,A4,10,2.0417379446695296,2.0417379446695296,2.468880104906209,3.388441561392024,2.7148760106825023,3.49743780366418,0.2840138861332906,0.1999032354879104,0.3335963231367393,396.5,343.0,505.0,68.68888888888888,64.4,73.05571266968313,9655.0,8530.0,10700.0,40.5,36.0,48.5,0.9904948391508663,0.9885077354567788,0.9918275149312784,0.04059562100613465,0.036363628260932084,0.0459764525881423,0.0
S5X,B1,10,2.0417379446695296,2.0417379446695296,2.0417379446695296,2.0417379446695296,2.0417379446695296,2.0417379446695296,0.13030585725351118,0.08384515927504668,0.16314636012023626,209.0,175.0,265.5,42.2,34.07692307692307,48.47058823529412,19182.5,15655.0,23575.0,35.0,27.0,41.0,0.9922927919653017,0.9908331922037196,0.9940907642950552,0.04874374907776885,0.039792362436124704,0.05474245168246835,0.47916666666666663
S5X,B2,10,2.0417379446695296,2.0417379446695296,2.0417379446695296,2.0417379446695296,2.0417379446695296,2.0417379446695296,0.13508653129972314,0.0973980813943273,0.18246233773402,231.5,196.0,239.5,40.79487179487179,35.5,50.76923076923077,19647.5,15419.5625,24885.0,41.0,27.0,43.0,0.9916570748702787,0.9911970549198852,0.9941465849828603,0.05130100003537455,0.0385685611330906,0.05598458408386015,0.43472222222222223
S5X,B3,10,2.0417379446695296,2.0417379446695296,2.0417379446695296,2.0417379446695296,2.0417379446695296,2.0417379446695296,0.1103398341316971,0.082949164997123,0.159052519107411,188.0,172.5,251.0,41.872549019607845,33.852941176470594,47.69230769230769,19845.0,15475.0,20915.0,39.5,32.0,44.5,0.9932130626942715,0.9918457019677915,0.9948212797446772,0.04364647723716655,0.03708874565062715,0.0502439679539507,0.20416666666666666
S5X,B4,10,2.0417379446695296,2.0417379446695296,2.0417379446695296,3.727928978158851,3.388441561392024,4.373912429900738,0.1255829490883267,0.0787549495171457,0.15609925638586894,208.0,188.35000000000002,277.5,42.2,34.92307692307692,48.41176470588236,19092.5,15925.0,24145.0,35.0,27.0,40.0,0.9921061276994299,0.990976805132441,0.9934846711294408,0.0484224012770076,0.040986047674287,0.0540890909761004,0.47916666666666663
S5X,B5,10,2.0417379446695296,2.0417379446695296,2.0417379446695296,2.0417379446695296,2.0417379446695296,2.0417379446695296,0.12502208466239978,0.0934311718919589,0.1749478167041007,237.0,166.0,283.0,44.61538461538461,39.45970588235294,46.8,18512.5,14985.0,20755.0,64.5,53.0,79.5,0.9929540570247285,0.9922711287394657,0.9938896345103605,0.0442658556374735,0.0392857281322781,0.0464210476600124,0.0
S5X,B6,10,2.0417379446695296,2.0417379446695296,2.0417379446695296,2.0417379446695296,2.0417379446695296,2.0417379446695296,0.1345477069419641,0.1188583020605029,0.1584240610486738,228.5,181.0,296.0,46.34411764705882,41.096256684491976,50.308365384615335,17327.5,14590.0,21585.0,39.5,30.0,45.0,0.9926747594763774,0.991822630478204,0.9943342117695586,0.04227484873521425,0.0377025742233438,0.0479693487858638,0.29166666666666663
S5X,B7,10,2.0417379446695296,2.0417379446695296,2.0417379446695296,2.0417379446695296,2.0417379446695296,2.0417379446695296,0.08753747929414615,0.0744041486864137,0.13716576525086321,183.5,144.0,219.0,39.38235294117647,33.271241830065364,44.77601809954751,24195.0,19725.0,30045.0,35.0,29.0,37.0,0.9912426746763977,0.9887045258585369,0.9932199089540152,0.05361720093208425,0.0444295007006375,0.0643050816178609,0.5416666666666666
