profile,A,B,n,med_A,med_B,rel_diff,p,p_holm
S3,ПАБ LSTM v2,HPA+LC,10,0.02016394743507499,0.13780486009145915,-0.8536775305189348,0.001953125,0.0390625
S3,ПАБ LSTM v2,ПАБ naive,6,0.02247711275273926,0.031536169960932205,-0.28725927147829083,0.03125,0.4375
S3,ПАБ GRU v2,ПАБ naive,6,0.027664468007256443,0.031536169960932205,-0.122770201913299,0.03125,0.4375
S3,ПАБ LSTM v2,ПАБ AR,10,0.02016394743507499,0.03417740599328624,-0.410021128021361,0.001953125,0.0390625
S3,ПАБ naive,HPA+LC,6,0.031536169960932205,0.14086073730733256,-0.7761180967544845,0.03125,0.4375
S4,ПАБ LSTM v2,HPA+LC,10,3.180138094765316e-05,0.003926923265933049,-0.9919017055353392,0.921875,1.0
S4,ПАБ LSTM v2,ПАБ naive,10,3.180138094765316e-05,7.025886488435e-05,-0.5473684210526316,0.0625,0.6875
S4,ПАБ GRU v2,ПАБ naive,10,2.955631392639323e-05,7.025886488435e-05,-0.5793226381461676,0.0625,0.6875
S4,ПАБ LSTM v2,ПАБ AR,10,3.180138094765316e-05,7.025886488435e-05,-0.5473684210526316,0.0625,0.6875
S4,ПАБ naive,HPA+LC,10,7.025886488435e-05,0.003926923265933049,-0.982108419205982,1.0,1.0
S5,ПАБ LSTM v2,HPA+LC,9,0.03790373966474168,0.0834228349842496,-0.5456431123217285,0.00390625,0.06640625
S5,ПАБ LSTM v2,ПАБ naive,8,0.03731023169719036,0.04927503573669031,-0.24281675011736067,0.1953125,1.0
S5,ПАБ GRU v2,ПАБ naive,9,0.03831207038090103,0.041021688111783895,-0.06605329657568385,0.12890625,1.0
S5,ПАБ LSTM v2,ПАБ AR,9,0.03790373966474168,0.064554420456695,-0.4128405243732516,0.359375,1.0
S5,ПАБ naive,HPA+LC,9,0.041021688111783895,0.07868203596823571,-0.47863972243493375,0.01171875,0.1875
S6,ПАБ LSTM v2,HPA+LC,10,0.00283618400296088,0.021116628623623762,-0.8656895447889839,0.001953125,0.0390625
S6,ПАБ LSTM v2,ПАБ naive,7,0.0025619109563404696,0.0010848439998429444,1.3615477955460544,0.375,1.0
S6,ПАБ GRU v2,ПАБ naive,7,0.0017030198656790216,0.0010848439998429444,0.5698292712367604,0.46875,1.0
S6,ПАБ LSTM v2,ПАБ AR,10,0.00283618400296088,0.0009276047874450853,2.0575348913114397,0.232421875,1.0
S6,ПАБ naive,HPA+LC,7,0.0010848439998429444,0.01637345904510081,-0.9337437497565582,0.015625,0.234375
