profile,family,param,err_rate,slo_viol_s,pod_s
S3,HPA+LC,0.35,0.017295073938291772,167.5,32857.5
S3,HPA+LC,0.45,0.045985400527848996,202.5,30360.0
S3,HPA+LC,0.55,0.08143889974922755,254.5,22567.5
S3,HPA+LC,0.65,0.09167850743907197,281.5,17640.0
S3,HPA+LC,0.75,0.17527614723437962,411.0,12472.5
S3,HPA+LC,0.85,0.21094034669805703,443.0,9592.5
S3,ПАБ AR,0.5,0.027142951992895403,113.0,16830.0
S3,ПАБ AR,0.6,0.03682224326843592,121.0,14397.5
S3,ПАБ AR,0.7,0.047937271325903426,128.0,12735.0
S3,ПАБ AR,0.8,0.0581905520409544,137.0,11247.5
S3,ПАБ AR,0.9,0.06986350464094443,149.0,10100.0
S3,ПАБ GRU v2,0.5,0.019371281228343445,109.0,16055.0
S3,ПАБ GRU v2,0.6,0.03389369631274909,118.0,13612.5
S3,ПАБ GRU v2,0.7,0.043411282736105464,125.5,11772.5
S3,ПАБ GRU v2,0.8,0.054448683889169236,138.5,10487.5
S3,ПАБ GRU v2,0.9,0.062494061600749086,152.0,9287.5
S3,ПАБ LSTM v2,0.5,0.011563748234543508,72.0,16587.5
S3,ПАБ LSTM v2,0.6,0.025809809973622304,113.0,13920.0
S3,ПАБ LSTM v2,0.7,0.03645047182169303,122.5,12065.0
S3,ПАБ LSTM v2,0.8,0.04790891243780286,135.5,10710.0
S3,ПАБ LSTM v2,0.9,0.05817392669328152,148.0,9677.5
S3,ПАБ linear,0.5,0.028949899085715762,117.5,17422.5
S3,ПАБ linear,0.6,0.048677319262430636,124.5,14552.5
S3,ПАБ linear,0.7,0.05316351021392808,131.5,12957.5
S3,ПАБ linear,0.8,0.07093325715227716,138.0,11112.5
S3,ПАБ linear,0.9,0.07253223787955311,144.5,10230.0
S3,ПАБ naive,0.5,0.029016198404845657,121.0,15047.5
S3,ПАБ naive,0.6,0.0490564529888918,131.5,12372.5
S3,ПАБ naive,0.7,0.06115044464200249,144.0,10915.0
S3,ПАБ naive,0.8,0.07240134952681937,160.0,9447.5
S3,ПАБ naive,0.9,0.07500909486628975,175.0,8805.0
S4,HPA+LC,0.35,0.0,5.0,38970.0
S4,HPA+LC,0.45,0.0,28.5,29722.5
S4,HPA+LC,0.55,0.0,44.5,24435.0
S4,HPA+LC,0.65,4.725256140897706e-05,113.0,20917.5
S4,HPA+LC,0.75,0.007652925266704124,260.5,17550.0
S4,HPA+LC,0.85,0.037218364658057224,449.0,14955.0
S4,ПАБ AR,0.5,0.0,0.0,23475.0
S4,ПАБ AR,0.6,7.025886488439628e-05,24.0,19677.5
S4,ПАБ AR,0.7,7.025886488439628e-05,25.0,17037.5
S4,ПАБ AR,0.8,0.003749564451397952,52.5,14912.5
S4,ПАБ AR,0.9,0.006870097617304343,295.5,13482.5
S4,ПАБ GRU v2,0.5,0.0,0.0,24235.0
S4,ПАБ GRU v2,0.6,0.0,0.0,20320.0
S4,ПАБ GRU v2,0.7,7.025886488439628e-05,26.0,17512.5
S4,ПАБ GRU v2,0.8,7.025886488439628e-05,26.5,15487.5
S4,ПАБ GRU v2,0.9,0.003762947092328313,52.5,13835.0
S4,ПАБ LSTM v2,0.5,0.0,0.0,24342.5
S4,ПАБ LSTM v2,0.6,0.0,0.0,20462.5
S4,ПАБ LSTM v2,0.7,7.025886488439628e-05,26.0,17640.0
S4,ПАБ LSTM v2,0.8,7.025886488439628e-05,26.5,15517.5
S4,ПАБ LSTM v2,0.9,7.025886488439628e-05,33.0,13965.0
S4,ПАБ linear,0.5,7.025886488439628e-05,24.0,22007.5
S4,ПАБ linear,0.6,7.025886488439628e-05,25.0,18435.0
S4,ПАБ linear,0.7,0.003749564451397952,45.5,15917.5
S4,ПАБ linear,0.8,0.003749564451397952,58.5,13992.5
S4,ПАБ linear,0.9,0.0061241211027302095,272.5,12595.0
S4,ПАБ naive,0.5,7.025886488439628e-05,24.0,21067.5
S4,ПАБ naive,0.6,7.025886488439628e-05,25.0,17657.5
S4,ПАБ naive,0.7,0.003749564451397952,50.5,15287.5
S4,ПАБ naive,0.8,0.00583457422919188,289.0,13397.5
S4,ПАБ naive,0.9,0.020738141124649268,561.5,12017.5
S5,HPA+LC,0.35,0.008709873764273004,60.0,30652.5
S5,HPA+LC,0.45,0.02147470627734628,86.0,25867.5
S5,HPA+LC,0.55,0.03529932240586715,119.5,20497.5
S5,HPA+LC,0.65,0.03879227503537832,139.5,15570.0
S5,HPA+LC,0.75,0.13694762340373892,256.0,11535.0
S5,HPA+LC,0.85,0.16200070625335522,287.5,9157.5
S5,ПАБ AR,0.5,0.03839436041603393,94.0,17860.0
S5,ПАБ AR,0.6,0.0470722836106278,123.0,15702.5
S5,ПАБ AR,0.7,0.05322917986388863,157.5,13817.5
S5,ПАБ AR,0.8,0.06945126736658927,206.5,12292.5
S5,ПАБ AR,0.9,0.09101167513159626,240.0,11300.0
S5,ПАБ GRU v2,0.5,0.01911300120337186,80.0,18122.5
S5,ПАБ GRU v2,0.6,0.03203864536142394,122.0,15587.5
S5,ПАБ GRU v2,0.7,0.048834638455534846,153.0,13797.5
S5,ПАБ GRU v2,0.8,0.06023312102404063,172.5,12210.0
S5,ПАБ GRU v2,0.9,0.07561916010293103,213.0,11092.5
S5,ПАБ LSTM v2,0.5,0.016777244845678375,55.0,18710.0
S5,ПАБ LSTM v2,0.6,0.02855313444157246,70.5,16050.0
S5,ПАБ LSTM v2,0.7,0.038821980573851785,94.0,13952.5
S5,ПАБ LSTM v2,0.8,0.04704064545697592,144.5,12315.0
S5,ПАБ LSTM v2,0.9,0.0646962319168986,175.0,11125.0
S5,ПАБ linear,0.5,0.039354059749067874,117.0,17032.5
S5,ПАБ linear,0.6,0.052341680257725315,141.0,14825.0
S5,ПАБ linear,0.7,0.06742241216799397,167.5,13545.0
S5,ПАБ linear,0.8,0.08135586601656253,186.0,11850.0
S5,ПАБ linear,0.9,0.08776610490317846,193.0,10960.0
S5,ПАБ naive,0.5,0.03604333921211906,89.0,15607.5
S5,ПАБ naive,0.6,0.05290479607740581,138.5,13717.5
S5,ПАБ naive,0.7,0.06918754853622643,172.0,12000.0
S5,ПАБ naive,0.8,0.08781075040411755,198.5,11002.5
S5,ПАБ naive,0.9,0.10218659883116096,224.5,10377.5
S5X,HPA+LC,0.35,0.05034260950797716,119.5,37440.0
S5X,HPA+LC,0.45,0.07975427594124529,165.0,28920.0
S5X,HPA+LC,0.55,0.11867570773777322,199.5,23490.0
S5X,HPA+LC,0.65,0.13226807042021235,241.0,18127.5
S5X,HPA+LC,0.75,0.2025460680485767,340.0,12682.5
S5X,HPA+LC,0.85,0.23970716502828004,360.0,10207.5
S5X,ПАБ AR,0.5,0.1011572763431958,175.5,24537.5
S5X,ПАБ AR,0.6,0.11205915880120679,189.0,23505.0
S5X,ПАБ AR,0.7,0.12101332264349213,212.5,22610.0
S5X,ПАБ AR,0.8,0.12743592505377055,226.5,21887.5
S5X,ПАБ AR,0.9,0.1370538804469855,243.5,20390.0
S5X,ПАБ GRU v2,0.5,0.1266822893832149,223.0,20375.0
S5X,ПАБ GRU v2,0.6,0.13794317167960543,230.5,18405.0
S5X,ПАБ GRU v2,0.7,0.14201271241632663,237.5,17090.0
S5X,ПАБ GRU v2,0.8,0.15393404021557572,243.5,16072.5
S5X,ПАБ GRU v2,0.9,0.15521265777309137,250.0,15117.5
S5X,ПАБ LSTM v2,0.5,0.12220684500174313,209.5,21305.0
S5X,ПАБ LSTM v2,0.6,0.13683324762468363,220.0,20380.0
S5X,ПАБ LSTM v2,0.7,0.14786924295707038,237.5,18880.0
S5X,ПАБ LSTM v2,0.8,0.1565742229489826,242.5,17825.0
S5X,ПАБ LSTM v2,0.9,0.1637563960350501,262.5,17040.0
S5X,ПАБ linear,0.5,0.08821556971212346,176.0,26460.0
S5X,ПАБ linear,0.6,0.10789083725757873,187.5,24207.5
S5X,ПАБ linear,0.7,0.11939689825746691,200.0,22887.5
S5X,ПАБ linear,0.8,0.1347735078975556,211.0,21807.5
S5X,ПАБ linear,0.9,0.13897754184180372,224.0,20900.0
S5X,ПАБ naive,0.5,0.06810874102550181,172.5,25455.0
S5X,ПАБ naive,0.6,0.08342701791757512,187.5,23642.5
S5X,ПАБ naive,0.7,0.10378516336695934,204.0,22077.5
S5X,ПАБ naive,0.8,0.11075980098407864,227.0,20762.5
S5X,ПАБ naive,0.9,0.1153445260276598,235.5,20237.5
S6,HPA+LC,0.35,0.0,6.5,35610.0
S6,HPA+LC,0.45,0.0,43.0,30607.5
S6,HPA+LC,0.55,0.006913979513958955,97.5,26047.5
S6,HPA+LC,0.65,0.013550732037859713,139.5,21517.5
S6,HPA+LC,0.75,0.02573450775892757,258.0,17497.5
S6,HPA+LC,0.85,0.07683185942160776,383.5,13995.0
S6,ПАБ AR,0.5,0.0,0.0,22865.0
S6,ПАБ AR,0.6,0.001076952961419876,42.0,19152.5
S6,ПАБ AR,0.7,0.005026068401873942,68.0,16535.0
S6,ПАБ AR,0.8,0.014323126444744434,112.0,14545.0
S6,ПАБ AR,0.9,0.021844346838793823,152.0,13087.5
S6,ПАБ GRU v2,0.5,0.0,0.0,22932.5
S6,ПАБ GRU v2,0.6,0.00027459380625754847,27.5,19340.0
S6,ПАБ GRU v2,0.7,0.004505868266007592,53.5,16705.0
S6,ПАБ GRU v2,0.8,0.009434169884212907,88.0,14727.5
S6,ПАБ GRU v2,0.9,0.01683791872555345,136.5,13222.5
S6,ПАБ LSTM v2,0.5,0.0,2.5,23895.0
S6,ПАБ LSTM v2,0.6,0.00027459380625754847,27.0,20110.0
S6,ПАБ LSTM v2,0.7,0.004194813871367298,53.5,17500.0
S6,ПАБ LSTM v2,0.8,0.008910576632626423,85.5,15382.5
S6,ПАБ LSTM v2,0.9,0.0162990384918595,111.0,13797.5
S6,ПАБ linear,0.5,9.596744784169209e-06,18.0,22305.0
S6,ПАБ linear,0.6,0.0012548106403985956,36.0,18685.0
S6,ПАБ linear,0.7,0.0063814996139729355,80.5,16155.0
S6,ПАБ linear,0.8,0.013761379007896181,116.0,14245.0
S6,ПАБ linear,0.9,0.02082405694772725,167.5,12787.5
S6,ПАБ naive,0.5,9.596744784169209e-06,28.0,20130.0
S6,ПАБ naive,0.6,0.004435601801583094,57.5,16945.0
S6,ПАБ naive,0.7,0.014033863954153921,113.5,14600.0
S6,ПАБ naive,0.8,0.021966379825590084,185.5,12895.0
S6,ПАБ naive,0.9,0.03915909438809305,282.0,11632.5
