p50,p95,p99,err_rate,late_rate,slo_viol_s,react_s,jain,cv,pod_s,scale_ev,fb_frac,profile,seed,config,t_start
0.02006781090018189,2.0417379446695296,3.9696297343000686,0.09222056087765357,0.15208981692369214,216.0,66.33333333333333,0.9935700838011405,0.04091755828793716,16845.0,30.0,0.0,S3,0,A3,10
0.02006781090018189,2.0417379446695296,2.892344370499147,0.03470626075768903,0.1290331554149208,141.0,45.333333333333336,0.9918176866912732,0.05371707452042559,28200.0,24.0,0.0,S3,0,A5,10
0.02006781090018189,1.7988709151287874,2.892344370499147,0.018231131665420657,0.08400299042022359,93.0,29.666666666666668,0.9936545100239396,0.041291256968328534,21085.0,43.0,0.0,S3,0,A6,10
0.02006781090018189,0.8151734005153627,2.0417379446695296,0.02662169445555227,0.058570509588469495,82.0,27.333333333333332,0.9984462829737349,0.020408902072884583,10905.0,23.0,0.025,S3,0,B6,10
0.02006781090018189,0.47588279098881686,2.0417379446695296,0.011700888432985031,0.048138811134099485,62.0,20.666666666666668,0.9971016497829748,0.028543882496757406,12100.0,30.0,0.04722222222222222,S3,0,B8,10
0.02006781090018189,2.0417379446695296,3.726061338637685,0.12946780951718623,0.23871551019698523,326.0,104.0,0.9958450942641116,0.032505593605910925,13860.0,22.0,0.0,S3,0,A3,20
0.02006781090018189,2.0417379446695296,3.1805336883295205,0.055878262079037504,0.15993967001060555,187.0,59.666666666666664,0.9913928060320996,0.05277070705091538,22575.0,28.0,0.0,S3,0,A5,20
0.02006781090018189,2.0417379446695296,3.1805336883295205,0.03158022845419615,0.12519081315089453,139.0,43.0,0.9919990503861847,0.0451411971298624,20250.0,50.0,0.0,S3,0,A6,20
0.02006781090018189,2.0417379446695296,2.0417379446695296,0.04613592503086044,0.08096388893718379,114.0,37.666666666666664,0.9984794369370066,0.019963760402557255,10905.0,23.0,0.025,S3,0,B6,20
0.02006781090018189,1.9781080029332403,2.0417379446695296,0.02446494080011127,0.07423283550950154,95.0,31.0,0.9972067938371612,0.02776861159997137,12100.0,30.0,0.04722222222222222,S3,0,B8,20
0.02006781090018189,2.0417379446695296,3.9696297343000686,0.14938105255837406,0.2631856668463237,363.0,111.66666666666667,0.995427911258452,0.0331296298191732,14775.0,21.0,0.0,S3,0,A3,30
0.02006781090018189,2.0417379446695296,2.892344370499147,0.05846706191213032,0.18227915225063895,210.0,66.33333333333333,0.9900717162247753,0.05805942249673502,26025.0,28.0,0.0,S3,0,A5,30
0.02006781090018189,2.0417379446695296,2.802205621666748,0.04406175565484987,0.14987742754316116,171.0,52.666666666666664,0.9917454706332184,0.04574029705387081,18545.0,42.0,0.0,S3,0,A6,30
0.02006781090018189,2.0417379446695296,2.0417379446695296,0.06647078255124572,0.08698993341099154,139.0,46.333333333333336,0.9984774187364673,0.01992490447902548,10905.0,23.0,0.025,S3,0,B6,30
0.02006781090018189,2.0417379446695296,2.0417379446695296,0.038993688822435105,0.09743901802945217,123.0,41.0,0.9972706596198815,0.026999613988544568,12100.0,30.0,0.04722222222222222,S3,0,B8,30
0.02006781090018189,2.0417379446695296,3.1805336883295205,0.2415529321765739,0.284239442251856,444.0,120.0,0.9963749610624566,0.024677191460979835,10620.0,19.0,0.0,S3,0,A3,60
0.02006781090018189,2.0417379446695296,2.892344370499147,0.09040457603838865,0.27292452666168265,318.0,101.33333333333333,0.9918390163469434,0.04893731805455488,22770.0,26.0,0.0,S3,0,A5,60
0.02006781090018189,2.0417379446695296,2.7148760106825023,0.07684684528052575,0.21841890223759933,260.0,89.66666666666667,0.9937862652632569,0.03809896907008219,18440.0,30.0,0.0,S3,0,A6,60
0.02006781090018189,2.0417379446695296,2.0417379446695296,0.12056261626997236,0.13759757984595858,228.0,75.33333333333333,0.9984490837484045,0.019355286289016106,10905.0,23.0,0.025,S3,0,B6,60
0.02006781090018189,2.0417379446695296,2.0417379446695296,0.07804649060277831,0.16237634090790548,212.0,70.0,0.9976072890369125,0.024489821605138882,12100.0,30.0,0.04722222222222222,S3,0,B8,60
0.02006781090018189,2.0417379446695296,3.9696297343000686,0.09026662355632505,0.16078506018064623,222.0,68.66666666666667,0.9928994784923266,0.04339729208818531,17595.0,31.0,0.0,S3,1,A3,10
0.02006781090018189,2.0417379446695296,3.1805336883295205,0.04361880028091255,0.1156808652662759,145.0,45.666666666666664,0.9909642158533157,0.05661804882626175,27945.0,29.0,0.0,S3,1,A5,10
0.02006781090018189,1.6358745652400533,2.802205621666748,0.014969544629633492,0.08301956653246835,90.0,30.0,0.9955543922996352,0.03546845593880366,21210.0,41.0,0.0,S3,1,A6,10
0.02006781090018189,1.0839269140212038,2.0417379446695296,0.01981337394049382,0.06666458068239499,84.0,26.666666666666668,0.9983635727831834,0.020938103651220556,10825.0,23.0,0.0,S3,1,B6,10
0.02006781090018189,0.40620942890585726,2.0417379446695296,0.010179603245791527,0.04655569230341337,61.0,20.0,0.9971798986508215,0.027997194588372357,12130.0,27.0,0.058333333333333334,S3,1,B8,10
0.02006781090018189,2.0417379446695296,3.9696297343000686,0.13333872212603518,0.2459905643978111,330.0,104.0,0.9955094904423417,0.03308197505739205,13980.0,22.0,0.0,S3,1,A3,20
0.02006781090018189,2.0417379446695296,3.1805336883295205,0.05133085796533094,0.1682224632692936,194.0,63.0,0.9927120460298923,0.04920988141722537,21930.0,28.0,0.0,S3,1,A5,20
0.02006781090018189,2.0417379446695296,2.9853826189179604,0.027319440678083954,0.12054555441985301,133.0,40.666666666666664,0.9935310064550473,0.04059697623835095,19615.0,47.0,0.0,S3,1,A6,20
0.02006781090018189,2.0417379446695296,2.0417379446695296,0.036645528692713654,0.08414686719928799,113.0,36.666666666666664,0.9984768433756729,0.02020775440346165,10825.0,23.0,0.0,S3,1,B6,20
0.02006781090018189,1.9164610627353873,2.0417379446695296,0.022368704673300096,0.07312417864369303,95.0,30.333333333333332,0.997379663670671,0.026872343914366076,12130.0,27.0,0.058333333333333334,S3,1,B8,20
0.02006781090018189,2.0417379446695296,3.9696297343000686,0.15381352691267375,0.2685252786527323,365.0,112.33333333333333,0.9954067082096233,0.033699899757902496,14775.0,23.0,0.0,S3,1,A3,30
0.02006781090018189,2.0417379446695296,3.1805336883295205,0.06563288762802728,0.1898410827649026,223.0,72.66666666666667,0.9892055164445234,0.06137630059034794,26460.0,31.0,0.0,S3,1,A5,30
0.02006781090018189,2.0417379446695296,3.081413635333949,0.03864025115250631,0.16147864995097938,174.0,55.0,0.993341022666585,0.040649948822492975,18765.0,39.0,0.0,S3,1,A6,30
0.02006781090018189,2.0417379446695296,2.0417379446695296,0.053232580293011256,0.10743688159257946,145.0,47.666666666666664,0.998481754990585,0.019944281523226873,10825.0,23.0,0.0,S3,1,B6,30
0.02006781090018189,2.0417379446695296,2.0417379446695296,0.03579809758234423,0.09424563855455197,122.0,39.666666666666664,0.9974460705730086,0.026343434532700976,12130.0,27.0,0.058333333333333334,S3,1,B8,30
0.02006781090018189,2.0417379446695296,3.1805336883295205,0.2458645361813972,0.28427793654435846,446.0,120.0,0.9961430496155766,0.025364965329390306,10560.0,20.0,0.0,S3,1,A3,60
0.02006781090018189,2.0417379446695296,3.1805336883295205,0.10725348880869438,0.2710293289388598,326.0,104.33333333333333,0.9923429332626683,0.046927295073709095,21870.0,28.0,0.0,S3,1,A5,60
0.02006781090018189,2.0417379446695296,2.9853826189179604,0.0755334904774818,0.237294617465251,269.0,86.0,0.9942690606425971,0.03603638380856428,18155.0,28.0,0.0,S3,1,A6,60
0.02006781090018189,2.0417379446695296,2.0417379446695296,0.10981664198251945,0.15799940201784213,235.0,77.33333333333333,0.9988175342595028,0.017926217060496127,10825.0,23.0,0.0,S3,1,B6,60
0.02006781090018189,2.0417379446695296,2.0417379446695296,0.07865725192432049,0.16390795246737172,215.0,71.0,0.997876873054019,0.02316711931754254,12130.0,27.0,0.058333333333333334,S3,1,B8,60
0.02006781090018189,2.0417379446695296,3.9696297343000686,0.08634467771897235,0.1625179629175283,222.0,66.66666666666667,0.993074914669491,0.0422487635315223,17070.0,34.0,0.0,S3,2,A3,10
0.02006781090018189,2.0417379446695296,2.7148760106825023,0.03846342574743262,0.1133854403981634,138.0,44.0,0.9914296695896986,0.05585285982179509,28410.0,30.0,0.0,S3,2,A5,10
0.02006781090018189,1.6358745652400533,2.6302679918953813,0.010944236094073113,0.08220707300830675,88.0,29.0,0.9954539777343355,0.036174611349685595,21360.0,39.0,0.0,S3,2,A6,10
0.02006781090018189,0.9252306262333164,2.0417379446695296,0.02544600609862956,0.06074445340156321,86.0,27.333333333333332,0.9986744523633231,0.018046568360132763,10360.0,21.0,0.03611111111111111,S3,2,B6,10
0.02006781090018189,0.4610520952362225,2.0417379446695296,0.009256598086292103,0.04775857838841961,61.0,21.0,0.9975715671397767,0.02625922243034847,11985.0,27.0,0.0,S3,2,B8,10
0.02006781090018189,2.0417379446695296,3.9696297343000686,0.13327959062072833,0.25035925835056605,334.0,103.33333333333333,0.9964030879082502,0.02962423970917805,13080.0,22.0,0.0,S3,2,A3,20
0.02006781090018189,2.0417379446695296,3.388441561392024,0.05228260488591357,0.17424993866320845,201.0,63.0,0.9911430130738366,0.05438970150987376,22200.0,32.0,0.0,S3,2,A5,20
0.02006781090018189,2.0417379446695296,2.3173946499684797,0.021343450983141145,0.11731625249728365,129.0,38.0,0.9935904496172068,0.04090559489656832,20125.0,48.0,0.0,S3,2,A6,20
0.02006781090018189,1.9781080029332403,2.0417379446695296,0.044744313203182506,0.07099295503136939,113.0,36.666666666666664,0.9986328942232442,0.018104139624214678,10360.0,21.0,0.03611111111111111,S3,2,B6,20
0.02006781090018189,1.742809826672464,2.0417379446695296,0.02106130174196488,0.07422102274718727,91.0,30.333333333333332,0.997625248324882,0.025698870120515672,11985.0,27.0,0.0,S3,2,B8,20
0.02006781090018189,2.0417379446695296,3.8459178204535354,0.13671970838736813,0.26325926185552556,348.0,107.33333333333333,0.9953257015125268,0.03353137769307392,14790.0,23.0,0.0,S3,2,A3,30
0.02006781090018189,2.0417379446695296,3.388441561392024,0.06641197294171253,0.19499842276821702,234.0,73.0,0.9889376890567895,0.06205555544368694,25935.0,32.0,0.0,S3,2,A5,30
0.02006781090018189,2.0417379446695296,2.892344370499147,0.035440398163401214,0.14954786022221445,169.0,50.666666666666664,0.9928140516645401,0.04254905306777804,18665.0,47.0,0.0,S3,2,A6,30
0.02006781090018189,2.0417379446695296,2.0417379446695296,0.06291752830254811,0.09107286810837335,144.0,46.333333333333336,0.9986677825277022,0.017659880671735746,10360.0,21.0,0.03611111111111111,S3,2,B6,30
0.02006781090018189,2.0417379446695296,2.0417379446695296,0.033205986470856264,0.09786197469419228,121.0,38.666666666666664,0.9975835655578834,0.02541053072182724,11985.0,27.0,0.0,S3,2,B8,30
0.02006781090018189,2.0417379446695296,2.9853826189179604,0.21533069293049664,0.3101573726823455,446.0,120.0,0.9957872494709823,0.026190946557670475,10935.0,17.0,0.0,S3,2,A3,60
0.02006781090018189,2.0417379446695296,3.388441561392024,0.1074410290561144,0.2747642914724335,334.0,103.33333333333333,0.9915373858474467,0.05033162233620171,22035.0,31.0,0.0,S3,2,A5,60
0.02006781090018189,2.0417379446695296,2.5482967479793466,0.06181521853422593,0.22539167922610495,251.0,78.66666666666667,0.9943670538992134,0.03696662033048186,18330.0,28.0,0.0,S3,2,A6,60
0.02006781090018189,2.0417379446695296,2.0417379446695296,0.12149591672216185,0.1463986540955452,235.0,77.0,0.9989063994779775,0.01584953665521932,10360.0,21.0,0.03611111111111111,S3,2,B6,60
0.02006781090018189,2.0417379446695296,2.0417379446695296,0.07322386176439662,0.16991517997967123,214.0,71.0,0.9979618906162555,0.02301404586278766,11985.0,27.0,0.0,S3,2,B8,60
0.02006781090018189,2.0417379446695296,3.9696297343000686,0.08736062021015499,0.15482009666855812,218.0,66.66666666666667,0.9931838424147317,0.042852837121447475,17865.0,33.0,0.0,S3,3,A3,10
0.02006781090018189,2.0417379446695296,2.892344370499147,0.03875544358835875,0.1205767639960895,143.0,45.666666666666664,0.991686035870796,0.05395792757394814,28155.0,27.0,0.0,S3,3,A5,10
0.02006781090018189,1.4412854420872234,2.1752040340195222,0.012285247448264546,0.08117697729587825,88.0,29.0,0.9951280049380291,0.03724454131341351,21395.0,37.0,0.0,S3,3,A6,10
0.02006781090018189,0.8963961859499497,2.0417379446695296,0.0224477518065535,0.059491498772842565,81.0,26.666666666666668,0.9989494104988991,0.018504382593820985,11210.0,17.0,0.005555555555555556,S3,3,B6,10
0.02006781090018189,0.44668359215096304,2.0417379446695296,0.010401782967464945,0.04799245246901342,63.0,21.0,0.9976933846899207,0.02637114815589885,12350.0,26.0,0.0,S3,3,B8,10
0.02006781090018189,2.0417379446695296,3.726061338637685,0.1173465027722136,0.2502640610365549,323.0,101.0,0.9960118750604111,0.0324786968272741,14310.0,22.0,0.0,S3,3,A3,20
0.02006781090018189,2.0417379446695296,2.7148760106825023,0.04692082612648951,0.15712571698126107,184.0,58.666666666666664,0.9916800893557547,0.0530216192745626,23430.0,27.0,0.0,S3,3,A5,20
0.02006781090018189,2.0417379446695296,2.468880104906209,0.021846137017768146,0.12110232236981534,128.0,41.0,0.9931702358422752,0.041877856579718424,21235.0,49.0,0.0,S3,3,A6,20
0.02006781090018189,2.0417379446695296,2.0417379446695296,0.03902634115660443,0.08028822817608171,113.0,36.333333333333336,0.9989994809928705,0.01813632740375849,11210.0,17.0,0.005555555555555556,S3,3,B6,20
0.02006781090018189,1.9164610627353873,2.0417379446695296,0.021794863030087576,0.07284666343070834,94.0,30.0,0.9977481203250053,0.025863641241593748,12350.0,26.0,0.0,S3,3,B8,20
0.02006781090018189,2.0417379446695296,3.726061338637685,0.13746128813930117,0.26735709939633423,352.0,110.0,0.9954621907179756,0.033621588526958915,15270.0,21.0,0.0,S3,3,A3,30
0.02006781090018189,2.0417379446695296,3.1805336883295205,0.06926944822352724,0.1969758602066,238.0,75.0,0.9893921780036915,0.06064722169877669,27345.0,27.0,0.0,S3,3,A5,30
0.02006781090018189,2.0417379446695296,2.5482967479793466,0.032384650619047946,0.14748449816439124,161.0,49.666666666666664,0.9927449100675921,0.042612524034443766,18990.0,37.0,0.0,S3,3,A6,30
0.02006781090018189,2.0417379446695296,2.0417379446695296,0.05623389142220369,0.10029875643488545,144.0,46.666666666666664,0.9990129988217151,0.01775011790784785,11210.0,17.0,0.005555555555555556,S3,3,B6,30
0.02006781090018189,2.0417379446695296,2.0417379446695296,0.03364599071598996,0.09796408086249683,125.0,41.333333333333336,0.997822465191355,0.02519756443152822,12350.0,26.0,0.0,S3,3,B8,30
0.02006781090018189,2.0417379446695296,3.1805336883295205,0.22304184641047903,0.30448203017645087,444.0,120.0,0.9962396632197894,0.025218470682326345,11100.0,17.0,0.0,S3,3,A3,60
0.02006781090018189,2.0417379446695296,2.892344370499147,0.0968719449249007,0.2789595482419859,321.0,104.0,0.9928028423084663,0.04527782068423654,22800.0,22.0,0.0,S3,3,A5,60
0.02006781090018189,2.0417379446695296,2.7148760106825023,0.06359341778728815,0.22878453303070287,253.0,81.0,0.9931888402210555,0.03870437996130445,18760.0,29.0,0.0,S3,3,A6,60
0.02006781090018189,2.0417379446695296,2.0417379446695296,0.1081607678792395,0.15771536783958762,234.0,77.33333333333333,0.9990076612580492,0.01717622187933174,11210.0,17.0,0.005555555555555556,S3,3,B6,60
0.02006781090018189,2.0417379446695296,2.0417379446695296,0.07262703985014322,0.17305056298838473,217.0,70.66666666666667,0.9981538061269695,0.02259714061009357,12350.0,26.0,0.0,S3,3,B8,60
0.02006781090018189,2.0417379446695296,3.726061338637685,0.08308725899698487,0.17213389671101767,229.0,71.33333333333333,0.9928074057909382,0.04385977910860164,17355.0,34.0,0.0,S3,4,A3,10
0.02006781090018189,2.0417379446695296,2.6302679918953813,0.02511687090260297,0.12292536859284667,134.0,43.0,0.9900378359025858,0.059867217944719026,28710.0,26.0,0.0,S3,4,A5,10
0.02006781090018189,1.584893192461114,2.1752040340195222,0.013509308179580095,0.08279853945948937,90.0,29.666666666666668,0.9953119408528648,0.03647271659490231,21425.0,35.0,0.0,S3,4,A6,10
0.02006781090018189,0.8151734005153627,2.0417379446695296,0.026977123731017124,0.06201764819783685,85.0,28.0,0.9990259733480009,0.01842372864582191,11210.0,18.0,0.0,S3,4,B6,10
0.02006781090018189,0.5069907082747045,2.0417379446695296,0.0110819894332107,0.0495110785317142,63.0,21.0,0.9979131555718272,0.023909973057878654,12030.0,20.0,0.0,S3,4,B8,10
0.02006781090018189,2.0417379446695296,3.9696297343000686,0.12627762717490526,0.2565471909490747,335.0,104.0,0.9963676418155544,0.029506298085241602,13170.0,21.0,0.0,S3,4,A3,20
0.02006781090018189,2.0417379446695296,2.892344370499147,0.03423487593704185,0.16897872811263864,190.0,55.666666666666664,0.9903200088529953,0.05732235128080582,22695.0,29.0,0.0,S3,4,A5,20
0.02006781090018189,2.0417379446695296,2.0417379446695296,0.023965450471632874,0.11095820309258389,127.0,39.0,0.9927860177426814,0.043221666792339464,20750.0,44.0,0.0,S3,4,A6,20
0.02006781090018189,2.0417379446695296,2.0417379446695296,0.04607410583386352,0.0754889214682858,113.0,36.666666666666664,0.9989734987319304,0.018611390599727412,11210.0,18.0,0.0,S3,4,B6,20
0.02006781090018189,1.6884958594867534,2.0417379446695296,0.0229108461729966,0.07418881911980305,92.0,30.333333333333332,0.9979575808586056,0.023410517076762418,12030.0,20.0,0.0,S3,4,B8,20
0.02006781090018189,2.0417379446695296,3.726061338637685,0.14558725899698488,0.2716798982047523,367.0,112.66666666666667,0.9953908591030346,0.032595601309446186,14670.0,22.0,0.0,S3,4,A3,30
0.02006781090018189,2.0417379446695296,3.1805336883295205,0.044368585931232885,0.19503350529722552,216.0,66.33333333333333,0.9879189870375833,0.06532797297365707,26265.0,32.0,0.0,S3,4,A5,30
0.02006781090018189,2.0417379446695296,2.0417379446695296,0.0330903709440956,0.13596788470581728,155.0,47.666666666666664,0.9927063429466284,0.043175425975715734,18955.0,36.0,0.0,S3,4,A6,30
0.02006781090018189,2.0417379446695296,2.0417379446695296,0.0637845426129291,0.09245594865978811,142.0,46.0,0.99899940978089,0.01838820857435165,11210.0,18.0,0.0,S3,4,B6,30
0.02006781090018189,2.0417379446695296,2.0417379446695296,0.034643751210201655,0.09438449143868773,120.0,40.333333333333336,0.9983854839873402,0.02202652767952348,12030.0,20.0,0.0,S3,4,B8,30
0.02006781090018189,2.0417379446695296,2.9853826189179604,0.22671399131420983,0.2983959641503693,445.0,120.0,0.9961812167459583,0.024385145400211666,10395.0,17.0,0.0,S3,4,A3,60
0.02006781090018189,2.0417379446695296,3.2828421431654635,0.07583728665873696,0.27755888495477304,311.0,97.0,0.9908177451428508,0.05205801547028778,22890.0,26.0,0.0,S3,4,A5,60
0.02006781090018189,2.0417379446695296,2.468880104906209,0.06374304998478604,0.22117991203562834,248.0,80.33333333333333,0.9941235288609431,0.03636137845813675,18435.0,25.0,0.0,S3,4,A6,60
0.02006781090018189,2.0417379446695296,2.0417379446695296,0.12067785123509724,0.14720201377555253,235.0,77.66666666666667,0.9990060012923525,0.017475855336709,11210.0,18.0,0.0,S3,4,B6,60
0.02006781090018189,2.0417379446695296,2.0417379446695296,0.07278757849022158,0.17310465132361483,218.0,72.0,0.9987378420257214,0.019369777352125847,12030.0,20.0,0.0,S3,4,B8,60
0.02006781090018189,2.0417379446695296,3.9696297343000686,0.0895241088202666,0.15395110575321388,212.0,65.33333333333333,0.9932484382051346,0.0420426591072429,18120.0,32.0,0.0,S3,5,A3,10
0.02006781090018189,2.0417379446695296,2.9853826189179604,0.03633066468836615,0.13388560889410941,148.0,47.333333333333336,0.991395785509173,0.0558565262649186,28350.0,27.0,0.0,S3,5,A5,10
0.02006781090018189,1.6358745652400533,2.5482967479793466,0.012877843377673368,0.0841104001593631,91.0,29.333333333333332,0.9951445951957842,0.03728485704404976,21400.0,39.0,0.0,S3,5,A6,10
0.02006781090018189,1.0501467677660838,2.0417379446695296,0.023008047149495635,0.0645901380345447,84.0,26.666666666666668,0.9978199586519302,0.02265621119852959,10925.0,22.0,0.058333333333333334,S3,5,B6,10
0.02006781090018189,0.557506583166466,2.0417379446695296,0.01116142726139326,0.050495605493905395,65.0,21.333333333333332,0.9974520552341978,0.026020006706970196,12145.0,25.0,0.058333333333333334,S3,5,B8,10
0.02006781090018189,2.0417379446695296,3.726061338637685,0.11494063381176609,0.23426031824535734,303.0,90.66666666666667,0.9956520202595869,0.03360266295103737,14445.0,23.0,0.0,S3,5,A3,20
0.02006781090018189,2.0417379446695296,2.892344370499147,0.04936134551911499,0.17680030498799626,193.0,62.666666666666664,0.9920297479755502,0.052247263700628634,24360.0,25.0,0.0,S3,5,A5,20
0.02006781090018189,2.0417379446695296,2.892344370499147,0.02365202518211699,0.1298895105423497,136.0,40.666666666666664,0.9931049382354291,0.042360319068821324,21275.0,47.0,0.0,S3,5,A6,20
0.02006781090018189,2.0417379446695296,2.0417379446695296,0.04086427003802046,0.08600798876215401,116.0,38.0,0.9979506858429267,0.02204400391740861,10925.0,22.0,0.058333333333333334,S3,5,B6,20
0.02006781090018189,1.9781080029332403,2.0417379446695296,0.02433979372095659,0.07819181272088446,97.0,31.666666666666668,0.9975422417486587,0.025228727661959664,12145.0,25.0,0.058333333333333334,S3,5,B8,20
0.02006781090018189,2.0417379446695296,3.726061338637685,0.13424022613073955,0.2436357797629474,326.0,100.33333333333333,0.9952514292331754,0.03435600945125988,15315.0,21.0,0.0,S3,5,A3,30
0.02006781090018189,2.0417379446695296,3.1805336883295205,0.06242980639444427,0.20158401423277317,222.0,72.66666666666667,0.991159036109838,0.055590201717600596,27150.0,24.0,0.0,S3,5,A5,30
0.02006781090018189,2.0417379446695296,2.7148760106825023,0.03524362976930131,0.15191527653275358,165.0,51.0,0.992377529938853,0.04416945967598398,19200.0,41.0,0.0,S3,5,A6,30
0.02006781090018189,2.0417379446695296,2.0417379446695296,0.05938336098145687,0.10213663324849996,144.0,47.666666666666664,0.9978527694297067,0.022011260891100816,10925.0,22.0,0.058333333333333334,S3,5,B6,30
0.02006781090018189,2.0417379446695296,2.0417379446695296,0.03890228363196741,0.10302704020827108,128.0,41.666666666666664,0.9976723519262135,0.024049020777738794,12145.0,25.0,0.058333333333333334,S3,5,B8,30
0.02006781090018189,2.0417379446695296,3.2828421431654635,0.2133851263399036,0.31301110389855713,441.0,120.0,0.9961662825144361,0.02622048600320628,11655.0,18.0,0.0,S3,5,A3,60
0.02006781090018189,2.0417379446695296,2.9853826189179604,0.1021228950504707,0.2568081357608729,300.0,97.33333333333333,0.9932146504411604,0.044635718036520944,22215.0,19.0,0.0,S3,5,A5,60
0.02006781090018189,2.0417379446695296,2.892344370499147,0.06968872677815215,0.2312155901071236,253.0,81.33333333333333,0.9932654190053113,0.039783822574228286,18520.0,29.0,0.0,S3,5,A6,60
0.02006781090018189,2.0417379446695296,2.0417379446695296,0.11436706404404466,0.16111128283858647,235.0,77.66666666666667,0.9978454224615306,0.02097165390807439,10925.0,22.0,0.058333333333333334,S3,5,B6,60
0.02006781090018189,2.0417379446695296,2.0417379446695296,0.08411297607149358,0.1692434374345289,219.0,72.66666666666667,0.9984077272024623,0.02056787695109458,12145.0,25.0,0.058333333333333334,S3,5,B8,60
0.02006781090018189,2.0417379446695296,3.9696297343000686,0.08514513862709483,0.14774152644024813,209.0,65.33333333333333,0.9931799949704643,0.04251559541763849,18030.0,32.0,0.0,S3,6,A3,10
0.02006781090018189,2.0417379446695296,2.468880104906209,0.028140100757394017,0.1304465540285822,140.0,44.333333333333336,0.9913225102162159,0.0566452348509517,28785.0,25.0,0.0,S3,6,A5,10
0.02006781090018189,1.584893192461114,2.3173946499684797,0.01384557387162,0.08280955481682031,89.0,30.333333333333332,0.9958031449511165,0.03530395994328716,21690.0,35.0,0.0,S3,6,A6,10
0.02006781090018189,0.7897688493998856,2.0417379446695296,0.02809212104595771,0.0598615442612838,85.0,27.0,0.9982341442718403,0.020985596176231334,10930.0,22.0,0.0,S3,6,B6,10
0.02006781090018189,0.5232991146814947,2.0417379446695296,0.012018060934233524,0.049896329552075125,63.0,20.666666666666668,0.9979044874659115,0.024111224239029453,12020.0,25.0,0.0,S3,6,B8,10
0.02006781090018189,2.0417379446695296,3.9696297343000686,0.12334555673600878,0.24198910175125946,318.0,100.0,0.9956392884129339,0.03335479374468137,14745.0,22.0,0.0,S3,6,A3,20
0.02006781090018189,2.0417379446695296,2.468880104906209,0.03815500873916173,0.15660492134754447,175.0,54.333333333333336,0.9909799787896759,0.05608312324104051,23925.0,29.0,0.0,S3,6,A5,20
0.02006781090018189,2.0417379446695296,2.3173946499684797,0.024034408307344324,0.12016176016998527,131.0,40.333333333333336,0.9935888914358567,0.040890617264265836,21455.0,43.0,0.0,S3,6,A6,20
0.02006781090018189,2.0417379446695296,2.0417379446695296,0.04690359505123548,0.0743993968264848,114.0,38.333333333333336,0.9982164566806796,0.02073759241787429,10930.0,22.0,0.0,S3,6,B6,20
0.02006781090018189,1.9781080029332403,2.0417379446695296,0.024548476644161897,0.07573597450221049,96.0,30.666666666666668,0.9982220140483895,0.022732866347871177,12020.0,25.0,0.0,S3,6,B8,20
0.02006781090018189,2.0417379446695296,3.9696297343000686,0.14471452071695398,0.2554945337400185,346.0,110.33333333333333,0.9957439296915223,0.032431250798579364,14910.0,20.0,0.0,S3,6,A3,30
0.02006781090018189,2.0417379446695296,2.468880104906209,0.046761369478049285,0.1752476095822338,202.0,63.666666666666664,0.989035761020061,0.06224118180941103,27750.0,29.0,0.0,S3,6,A5,30
0.02006781090018189,2.0417379446695296,2.468880104906209,0.03405531375304157,0.14461770451352,165.0,49.666666666666664,0.9941750185666464,0.0389793253362987,19095.0,36.0,0.0,S3,6,A6,30
0.02006781090018189,2.0417379446695296,2.0417379446695296,0.06556084855546797,0.09395455635902533,145.0,47.0,0.9982456669350276,0.020102942606473394,10930.0,22.0,0.0,S3,6,B6,30
0.02006781090018189,2.0417379446695296,2.0417379446695296,0.03806333321909593,0.09837040337228829,125.0,40.666666666666664,0.9982860012035659,0.022050914707922597,12020.0,25.0,0.0,S3,6,B8,30
0.02006781090018189,2.0417379446695296,3.388441561392024,0.23868878302889063,0.2886733609787861,441.0,120.0,0.9962200413596778,0.025400069088031024,11220.0,19.0,0.0,S3,6,A3,60
0.02006781090018189,2.0417379446695296,2.892344370499147,0.08084924089242264,0.2669316974536482,292.0,96.66666666666667,0.9925321712618693,0.048131180399967506,23010.0,23.0,0.0,S3,6,A5,60
0.02006781090018189,2.0417379446695296,2.9853826189179604,0.0650673429521231,0.232225230473971,257.0,80.66666666666667,0.994468875299461,0.03584525337786341,19200.0,28.0,0.0,S3,6,A6,60
0.02006781090018189,2.0417379446695296,2.0417379446695296,0.12480379725144795,0.1525052263614243,240.0,78.66666666666667,0.9990865713413589,0.015951975618159142,10930.0,22.0,0.0,S3,6,B6,60
0.02006781090018189,2.0417379446695296,2.0417379446695296,0.08159892388361493,0.16712790020220022,220.0,71.66666666666667,0.998717034922529,0.019302741411810515,12020.0,25.0,0.0,S3,6,B8,60
0.02006781090018189,2.0417379446695296,3.9696297343000686,0.08458972169933451,0.15114010902500297,208.0,65.0,0.993060985844538,0.04218243435917301,17625.0,32.0,0.0,S3,7,A3,10
0.02006781090018189,2.0417379446695296,2.6302679918953813,0.025527805574410613,0.12666983898168688,139.0,45.0,0.9896980362530269,0.06131573722149554,28155.0,30.0,0.0,S3,7,A5,10
0.02006781090018189,1.7988709151287874,2.7148760106825023,0.016021357144356662,0.08167428255529975,90.0,28.666666666666668,0.9954444253400624,0.03512153652736775,21015.0,43.0,0.0,S3,7,A6,10
0.02006781090018189,1.0174193661806046,2.0417379446695296,0.022868659160409508,0.06331217679125001,83.0,27.333333333333332,0.9978721848269334,0.021945426862216757,10565.0,22.0,0.0,S3,7,B6,10
0.02006781090018189,0.4610520952362225,2.0417379446695296,0.01082902388333345,0.048179534369467404,59.0,20.666666666666668,0.9975400796672574,0.025879829729471098,12010.0,26.0,0.0,S3,7,B8,10
0.02006781090018189,2.0417379446695296,3.9696297343000686,0.12035349152921912,0.24388308852858231,314.0,100.33333333333333,0.9956563475447013,0.03287854372422574,14325.0,24.0,0.0,S3,7,A3,20
0.02006781090018189,2.0417379446695296,2.9853826189179604,0.03558532710999769,0.16400110564508794,172.0,55.333333333333336,0.9904560109011936,0.05674807017691378,23775.0,30.0,0.0,S3,7,A5,20
0.02006781090018189,2.0417379446695296,2.802205621666748,0.027312232773279776,0.12675031314947902,144.0,41.666666666666664,0.9928881167164123,0.04165763519844257,20370.0,50.0,0.0,S3,7,A6,20
0.02006781090018189,2.0417379446695296,2.0417379446695296,0.039684261352105975,0.07760858764336648,113.0,37.333333333333336,0.997843830870507,0.021651835177148575,10565.0,22.0,0.0,S3,7,B6,20
0.02006781090018189,1.4876473740795015,2.0417379446695296,0.021661546643527426,0.07259819597909072,89.0,30.333333333333332,0.9976789628797901,0.02534811825358251,12010.0,26.0,0.0,S3,7,B8,20
0.02006781090018189,2.0417379446695296,3.9696297343000686,0.14175437184663722,0.25629185531444404,343.0,107.33333333333333,0.9955396208058144,0.03305690968352934,14850.0,21.0,0.0,S3,7,A3,30
0.02006781090018189,2.0417379446695296,2.9853826189179604,0.04572682169023743,0.18726688732916733,200.0,64.66666666666667,0.9895387361822455,0.06001638560214192,26535.0,28.0,0.0,S3,7,A5,30
0.02006781090018189,2.0417379446695296,3.081413635333949,0.038734316284472686,0.15813348914998285,179.0,53.333333333333336,0.9937312805232212,0.03933635915022909,18615.0,40.0,0.0,S3,7,A6,30
0.02006781090018189,2.0417379446695296,2.0417379446695296,0.05651385905124455,0.10331133706080348,144.0,47.333333333333336,0.9979364198841996,0.0207483135401349,10565.0,22.0,0.0,S3,7,B6,30
0.02006781090018189,2.0417379446695296,2.0417379446695296,0.03325332568245593,0.09963051860352827,120.0,39.333333333333336,0.9976417848541506,0.02481823149888104,12010.0,26.0,0.0,S3,7,B8,30
0.02006781090018189,2.0417379446695296,3.388441561392024,0.20541818576237028,0.3200781299202956,441.0,120.0,0.9960936463585497,0.02604423465123103,11655.0,20.0,0.0,S3,7,A3,60
0.02006781090018189,2.0417379446695296,3.1805336883295205,0.09126470403000637,0.2690811249588882,301.0,100.0,0.9933228339898852,0.04393638278666848,21930.0,19.0,0.0,S3,7,A5,60
0.02006781090018189,2.0417379446695296,3.081413635333949,0.07434238609406381,0.23060572556209458,271.0,82.33333333333333,0.9944156644819059,0.03549736083691237,17960.0,29.0,0.0,S3,7,A6,60
0.02006781090018189,2.0417379446695296,2.0417379446695296,0.10770942527448689,0.1613332120389355,236.0,76.66666666666667,0.9982590802836209,0.018884325332240534,10565.0,22.0,0.0,S3,7,B6,60
0.02006781090018189,2.0417379446695296,2.0417379446695296,0.07206549197707536,0.17217360727206565,214.0,69.0,0.997990554498826,0.022295589035953984,12010.0,26.0,0.0,S3,7,B8,60
0.02006781090018189,2.0417379446695296,3.9696297343000686,0.09097121611478644,0.15916057183752552,219.0,69.0,0.9928667313215692,0.04326234899252107,17400.0,32.0,0.0,S3,8,A3,10
0.02006781090018189,2.0417379446695296,2.6302679918953813,0.03512978058615092,0.12007627991411964,137.0,45.0,0.9916613219792852,0.05435459494938393,28290.0,22.0,0.0,S3,8,A5,10
0.02006781090018189,1.7988709151287874,2.892344370499147,0.0164324739478783,0.08602000384017874,92.0,30.666666666666668,0.9953081835291652,0.036765778042662955,21310.0,36.0,0.0,S3,8,A6,10
0.02006781090018189,0.985711900900616,2.0417379446695296,0.026845467716315522,0.06646040252055369,88.0,28.333333333333332,0.9976909735529376,0.022819818374149977,10765.0,24.0,0.016666666666666666,S3,8,B6,10
0.02006781090018189,0.6531305526474723,2.0417379446695296,0.011023058527815113,0.05132398889839236,66.0,22.0,0.9969341734004825,0.028616129905823576,12180.0,28.0,0.06944444444444445,S3,8,B8,10
0.02006781090018189,2.0417379446695296,3.726061338637685,0.13255162422105465,0.23199654383913143,318.0,97.33333333333333,0.9957270753685943,0.03236328631573403,13755.0,23.0,0.0,S3,8,A3,20
0.02006781090018189,2.0417379446695296,3.2828421431654635,0.055869364101310895,0.1764754141283667,197.0,63.333333333333336,0.9925731245171258,0.04992563446339059,23145.0,27.0,0.0,S3,8,A5,20
0.02006781090018189,2.0417379446695296,2.9853826189179604,0.0289514566496186,0.12499083593709089,135.0,43.0,0.9950305583075106,0.03656789034158284,20395.0,42.0,0.0,S3,8,A6,20
0.02006781090018189,1.9781080029332403,2.0417379446695296,0.04817853340082738,0.07862765976016338,118.0,38.666666666666664,0.9978305812016623,0.022080751062306392,10765.0,24.0,0.016666666666666666,S3,8,B6,20
0.02006781090018189,2.0417379446695296,2.0417379446695296,0.024754315837246244,0.07450034037947949,96.0,31.666666666666668,0.9972440890341941,0.027109356151181513,12180.0,28.0,0.06944444444444445,S3,8,B8,20
0.02006781090018189,2.0417379446695296,3.9696297343000686,0.1519410358009391,0.2507750178917419,348.0,106.0,0.9953196875582024,0.03319638138494573,14865.0,23.0,0.0,S3,8,A3,30
0.02006781090018189,2.0417379446695296,3.388441561392024,0.07009635357573007,0.1949248546841453,223.0,72.33333333333333,0.9909643963947231,0.05543179126555431,25830.0,26.0,0.0,S3,8,A5,30
0.02006781090018189,2.0417379446695296,2.9853826189179604,0.041013108973799506,0.1585016320759657,168.0,53.333333333333336,0.9939035828359812,0.03891862718866307,19175.0,38.0,0.0,S3,8,A6,30
0.02006781090018189,2.0417379446695296,2.0417379446695296,0.06902023075983173,0.09757021417724171,149.0,48.333333333333336,0.9978868573545314,0.021494455754366308,10765.0,24.0,0.016666666666666666,S3,8,B6,30
0.02006781090018189,2.0417379446695296,2.0417379446695296,0.03873605753285971,0.09646616278866799,125.0,41.333333333333336,0.9971864759725804,0.02687068538696501,12180.0,28.0,0.06944444444444445,S3,8,B8,30
0.02006781090018189,2.0417379446695296,3.1805336883295205,0.24192078758574945,0.2855172895320219,443.0,120.0,0.9964083805521675,0.024343199524327494,10590.0,21.0,0.0,S3,8,A3,60
0.02006781090018189,2.0417379446695296,2.6302679918953813,0.09493096405941803,0.26069402503098327,304.0,101.33333333333333,0.9932018521127861,0.04529403141496442,22335.0,21.0,0.0,S3,8,A5,60
0.02006781090018189,2.0417379446695296,2.3919384495683134,0.06545759220792823,0.21833859903297317,242.0,79.33333333333333,0.9936498182234197,0.03857492078905073,18780.0,27.0,0.0,S3,8,A6,60
0.02006781090018189,2.0417379446695296,2.0417379446695296,0.1321318228630278,0.1408420464661628,235.0,78.0,0.9978188529715132,0.02096137600827259,10765.0,24.0,0.016666666666666666,S3,8,B6,60
0.02006781090018189,2.0417379446695296,2.0417379446695296,0.08180278936619595,0.16432823055036744,216.0,71.0,0.9972324601146421,0.025754831591381526,12180.0,28.0,0.06944444444444445,S3,8,B8,60
0.02006781090018189,2.0417379446695296,3.9696297343000686,0.08330596625379827,0.1495262326420697,207.0,65.33333333333333,0.9931539545453147,0.04215053726976077,17580.0,30.0,0.0,S3,9,A3,10
0.02006781090018189,2.0417379446695296,2.0417379446695296,0.027326749102071717,0.1232106251101885,135.0,43.0,0.9914736449301025,0.05545898357189733,28725.0,23.0,0.0,S3,9,A5,10
0.02006781090018189,1.742809826672464,2.2451739778971898,0.013825848581117753,0.08327831109974176,91.0,30.333333333333332,0.9960369426301751,0.03422404523813182,21565.0,33.0,0.0,S3,9,A6,10
0.02006781090018189,0.7897688493998856,2.0417379446695296,0.02363478603552996,0.05867040933084898,83.0,27.333333333333332,0.99860963598085,0.01959943986989909,10935.0,14.0,0.07222222222222222,S3,9,B6,10
0.02006781090018189,0.5754399373371569,2.0417379446695296,0.010619579157693146,0.050954621349087556,63.0,20.0,0.9975756182745813,0.02557088275110896,11950.0,25.0,0.044444444444444446,S3,9,B8,10
0.02006781090018189,2.0417379446695296,3.726061338637685,0.10511551212159971,0.23590710633752424,301.0,93.66666666666667,0.9962772653043733,0.03136347665436465,14145.0,20.0,0.0,S3,9,A3,20
0.02006781090018189,2.0417379446695296,2.0417379446695296,0.03697839786778762,0.14379643041099016,165.0,53.333333333333336,0.9919201747788858,0.05251618027747059,23520.0,26.0,0.0,S3,9,A5,20
0.02006781090018189,2.0417379446695296,2.0417379446695296,0.024158505515474788,0.11184608524009859,122.0,40.333333333333336,0.9943415720785632,0.03837382754093389,20730.0,43.0,0.0,S3,9,A6,20
0.02006781090018189,2.0417379446695296,2.0417379446695296,0.0406772747228435,0.07835396523055756,111.0,37.0,0.9986024794655424,0.0194613895159798,10935.0,14.0,0.07222222222222222,S3,9,B6,20
0.02006781090018189,1.9164610627353873,2.0417379446695296,0.02371343037987811,0.07420309945139088,93.0,30.333333333333332,0.997833932068717,0.024265095320101793,11950.0,25.0,0.044444444444444446,S3,9,B8,20
0.02006781090018189,2.0417379446695296,3.726061338637685,0.12458474057737048,0.2416490076985035,323.0,98.66666666666667,0.9954579610389841,0.03393657627951459,14985.0,20.0,0.0,S3,9,A3,30
0.02006781090018189,2.0417379446695296,2.3173946499684797,0.04557569388509975,0.180843966163919,197.0,65.66666666666667,0.9904317197279581,0.05845425246420514,27915.0,25.0,0.0,S3,9,A5,30
0.02006781090018189,2.0417379446695296,2.0417379446695296,0.03347310709112719,0.13618780615119763,151.0,49.0,0.993566898513877,0.0401560676973631,19155.0,34.0,0.0,S3,9,A6,30
0.02006781090018189,2.0417379446695296,2.0417379446695296,0.057294565416538476,0.09567991924695016,140.0,46.0,0.9986265068259697,0.019223852983964413,10935.0,14.0,0.07222222222222222,S3,9,B6,30
0.02006781090018189,2.0417379446695296,2.0417379446695296,0.03710284606104184,0.09604635003819868,122.0,40.0,0.9978636881055195,0.02377757277968734,11950.0,25.0,0.044444444444444446,S3,9,B8,30
0.02006781090018189,2.0417379446695296,3.388441561392024,0.2044830733172703,0.31682003754187166,442.0,120.0,0.996283397952297,0.02575321537195624,11625.0,18.0,0.0,S3,9,A3,60
0.02006781090018189,2.0417379446695296,2.5482967479793466,0.07594450993338565,0.2555094252221919,285.0,93.33333333333333,0.9930900007258902,0.04594418774360128,23055.0,19.0,0.0,S3,9,A5,60
0.02006781090018189,2.0417379446695296,2.1074146752966985,0.06327153558699793,0.21625639093325774,244.0,80.0,0.9944000585751691,0.03625119748868736,18895.0,26.0,0.0,S3,9,A6,60
0.02006781090018189,2.0417379446695296,2.0417379446695296,0.10754743723144253,0.1513393736798985,231.0,76.66666666666667,0.9986483775241921,0.018513572468846506,10935.0,14.0,0.07222222222222222,S3,9,B6,60
0.02006781090018189,2.0417379446695296,2.0417379446695296,0.07698330665763264,0.1644047055244627,214.0,70.66666666666667,0.9982542836522933,0.021042626876566155,11950.0,25.0,0.044444444444444446,S3,9,B8,60
0.02006781090018189,0.2959715725594465,2.0417379446695296,0.013187800623711613,0.040293788351296676,55.0,28.0,0.9968331405029087,0.024231996122873148,8970.0,13.0,0.0,S5,0,A3,10
0.02006781090018189,0.03548133892335755,2.0417379446695296,0.003181025328073269,0.03390530923698639,37.0,12.333333333333334,0.9955254986056032,0.03538094464327431,14760.0,13.0,0.0,S5,0,A5,10
0.02006781090018189,0.037800713730181124,0.3812852456636189,0.0,0.0051895881485183246,20.0,17.666666666666668,0.990497063249629,0.05046889638848802,15245.0,41.0,0.0,S5,0,A6,10
0.02006781090018189,0.9549925860214359,2.0417379446695296,0.005398613226722535,0.06172967050920431,62.0,22.333333333333332,0.9956569508924776,0.030672074423833344,9730.0,21.0,0.11388888888888889,S5,0,B6,10
0.02006781090018189,0.02006781090018189,0.7897688493998856,0.0,0.01282500997073649,14.0,5.333333333333333,0.9956572463284106,0.03336299925318748,10615.0,30.0,0.0,S5,0,B8,10
0.02006781090018189,0.26915348039269155,2.0417379446695296,0.0162510991836009,0.0386720420548847,61.0,31.666666666666668,0.9981947731749224,0.019132490197431976,7845.0,9.0,0.0,S5,0,A3,20
0.02006781090018189,0.04290421892388853,2.0417379446695296,0.005362574420135602,0.04157436727868569,46.0,16.0,0.9974318175198237,0.027814690492077916,12030.0,9.0,0.0,S5,0,A5,20
0.02006781090018189,0.06273356959840379,1.3106900423660772,0.0,0.03220908274029475,36.0,24.666666666666668,0.991012211655579,0.04758039817676852,13340.0,33.0,0.0,S5,0,A6,20
0.02006781090018189,1.5355006336570662,2.0417379446695296,0.013918187103873452,0.07705817624417974,84.0,28.666666666666668,0.9964629514239137,0.027299051413166447,9255.0,19.0,0.11388888888888889,S5,0,B6,20
0.02006781090018189,0.02350985767597148,1.742809826672464,0.0012973970371295811,0.023372367365178826,25.0,8.666666666666666,0.9957660043706436,0.032617416404518276,10615.0,30.0,0.0,S5,0,B8,20
0.02006781090018189,0.26915348039269155,2.0417379446695296,0.017759923886040488,0.03875373001648175,67.0,35.333333333333336,0.9971915228944229,0.022588722461109007,8025.0,10.0,0.0,S5,0,A3,30
0.02006781090018189,0.06683439175686146,2.0417379446695296,0.00599685741606562,0.044596821857776456,49.0,17.0,0.9970231185198547,0.02880383545307145,12030.0,9.0,0.0,S5,0,A5,30
0.02006781090018189,0.025852348395621914,0.09172759353897794,0.0,0.004021930815101701,17.0,31.333333333333332,0.9930222493020654,0.0412502670157046,12555.0,26.0,0.0,S5,0,A6,30
0.02006781090018189,2.0417379446695296,2.0417379446695296,0.022217924260844076,0.09683026683132397,103.0,36.666666666666664,0.9964646913629791,0.026710366582376917,9010.0,18.0,0.11388888888888889,S5,0,B6,30
0.02006781090018189,0.03126079367123956,2.0417379446695296,0.003181025328073269,0.03304518305311159,35.0,12.0,0.9958461616002077,0.03213701819148957,10615.0,30.0,0.0,S5,0,B8,30
0.02006781090018189,2.0417379446695296,2.0417379446695296,0.02846585202946533,0.13005684521092312,142.0,76.0,0.9967074834102454,0.022538872798462076,8340.0,11.0,0.0,S5,0,A3,60
0.02006781090018189,0.06683439175686146,2.0417379446695296,0.00599685741606562,0.04472656156148941,50.0,17.0,0.9959582329309938,0.030586636887174442,11775.0,10.0,0.0,S5,0,A5,60
0.02006781090018189,0.03330427623087463,0.10746078283213174,0.0,0.0021911594404855146,9.0,44.0,0.9947914531110139,0.033965585048803176,12330.0,24.0,0.0,S5,0,A6,60
0.02006781090018189,2.0417379446695296,2.0417379446695296,0.0406037220879443,0.11935091706749829,131.0,46.333333333333336,0.9961288381215045,0.02541298671035897,8340.0,17.0,0.11388888888888889,S5,0,B6,60
0.02006781090018189,0.0518800038928961,2.0417379446695296,0.00599685741606562,0.04448149767669827,47.0,17.0,0.9951989263490166,0.03240154238277328,10615.0,30.0,0.0,S5,0,B8,60
0.02006781090018189,1.8567353246307055,2.0417379446695296,0.02790159539662837,0.07478595194378239,113.0,45.833333333333336,0.9948617126675564,0.03294207182880058,12945.0,19.0,0.0,S5,1,A3,10
0.02006781090018189,0.05527134079444351,2.0417379446695296,0.012810166439961454,0.036003497737574504,53.0,7.5,0.9921559769964197,0.05134116411947855,23175.0,21.0,0.0,S5,1,A5,10
0.02006781090018189,0.04570881896148752,1.742809826672464,0.0009002113712162372,0.02511470755027502,42.0,5.333333333333333,0.9924482510525521,0.04571372455648026,18745.0,40.0,0.0,S5,1,A6,10
0.02006781090018189,1.5355006336570662,2.0417379446695296,0.013871979632222016,0.0772516189924771,82.0,63.333333333333336,0.9955733778397922,0.03078081256524036,11425.0,25.0,0.24444444444444444,S5,1,B6,10
0.02006781090018189,0.02006781090018189,0.06475152482255576,0.0,0.0,0.0,7.5,0.9945491557669279,0.038431485578922335,12635.0,36.0,0.0,S5,1,B8,10
0.02006781090018189,2.0417379446695296,2.0417379446695296,0.03505074098896349,0.08031907932567427,136.0,48.666666666666664,0.9957715541674275,0.02868739732974431,10740.0,16.0,0.0,S5,1,A3,20
0.02006781090018189,0.04027170343254591,2.0417379446695296,0.016296006947886882,0.036753012932111376,54.0,8.666666666666666,0.993436429082768,0.043389940793062125,16890.0,18.0,0.0,S5,1,A5,20
0.02006781090018189,0.06683439175686146,2.0417379446695296,0.004969008141559229,0.04070779614772984,59.0,7.166666666666667,0.9923480427342348,0.04391298644791659,16620.0,39.0,0.0,S5,1,A6,20
0.02006781090018189,2.0417379446695296,2.0417379446695296,0.023907155292410068,0.10819787201135773,127.0,37.5,0.9973448006716832,0.024463620051835007,10415.0,21.0,0.24444444444444444,S5,1,B6,20
0.02006781090018189,0.03548133892335755,1.3106900423660772,0.0,0.023730682138140807,26.0,10.666666666666666,0.9953479119670424,0.036129900788126536,12635.0,36.0,0.0,S5,1,B8,20
0.02006781090018189,2.0417379446695296,2.0417379446695296,0.03847213905291419,0.0811726938527857,140.0,60.5,0.995337040635452,0.029398699089511773,10875.0,19.0,0.0,S5,1,A3,30
0.02006781090018189,0.04570881896148752,2.0417379446695296,0.017676066671161113,0.0373914888385687,53.0,17.0,0.9927013597487335,0.04502736546593113,17145.0,19.0,0.0,S5,1,A5,30
0.02006781090018189,0.050263184440820056,2.0417379446695296,0.008696755669943648,0.038324417142879805,57.0,7.833333333333333,0.992777512360137,0.04235337372003639,15505.0,32.0,0.0,S5,1,A6,30
0.02006781090018189,1.191927939457827,2.0417379446695296,0.023889309692540144,0.09528360623882172,122.0,39.333333333333336,0.9967255543693329,0.026230333213128475,10700.0,22.0,0.24444444444444444,S5,1,B6,30
0.02006781090018189,0.40620942890585726,2.0417379446695296,0.0016655893211930378,0.04632321157346637,48.0,13.833333333333334,0.9957242319334144,0.03444592646090206,12635.0,36.0,0.0,S5,1,B8,30
0.02006781090018189,2.0417379446695296,2.0417379446695296,0.05874969761622443,0.18416857350206017,244.0,52.0,0.9972353059062398,0.021649899205974515,9900.0,13.0,0.0,S5,1,A3,60
0.02006781090018189,0.06273356959840379,2.0417379446695296,0.018313551155403448,0.038316485765159836,51.0,17.333333333333332,0.994170410499493,0.03845797099069361,15795.0,16.0,0.0,S5,1,A5,60
0.02006781090018189,0.04869675251658631,2.0417379446695296,0.009941981971978443,0.04023191348453183,49.0,43.5,0.9925172063320385,0.040839250734996745,13925.0,25.0,0.0,S5,1,A6,60
0.02006781090018189,2.0417379446695296,2.0417379446695296,0.030285965823693403,0.07603415251246218,112.0,50.666666666666664,0.994962796871781,0.029552127258117792,10610.0,19.0,0.24444444444444444,S5,1,B6,60
0.02006781090018189,2.0417379446695296,2.0417379446695296,0.007827278387392281,0.07895389093562498,87.0,19.833333333333332,0.9952450903923585,0.03367097302534592,12635.0,36.0,0.0,S5,1,B8,60
0.02006781090018189,2.0417379446695296,3.726061338637685,0.0605648360243589,0.16260591839395125,228.0,35.0,0.9906550302558705,0.05170008357188615,17490.0,37.0,0.0,S5,2,A3,10
0.02006781090018189,1.6884958594867534,2.3919384495683134,0.015942231409575954,0.08369089520829842,86.0,17.375,0.9872891172256901,0.07306699010950143,29175.0,33.0,0.0,S5,2,A5,10
0.02006781090018189,1.0839269140212038,2.3919384495683134,0.00890925005121329,0.06290109317094064,87.0,11.125,0.9880434366774684,0.06319297498529473,23765.0,82.0,0.0,S5,2,A6,10
0.02006781090018189,1.8567353246307055,2.0417379446695296,0.020237629662737212,0.11174739743374863,136.0,24.375,0.9968502186112557,0.026928091947314586,10630.0,38.0,0.12777777777777777,S5,2,B6,10
0.02006781090018189,0.25263877101318966,2.0417379446695296,0.006979905767547535,0.039693092723988306,43.0,8.375,0.9944269625669473,0.0387939498680661,13860.0,54.0,0.0,S5,2,B8,10
0.02006781090018189,2.0417379446695296,2.7148760106825023,0.09037562619885654,0.17524815166582863,278.0,42.75,0.9954195146705553,0.03162317649052,12255.0,25.0,0.0,S5,2,A3,20
0.02006781090018189,2.0417379446695296,2.892344370499147,0.024626142987503957,0.11228653369834442,113.0,21.875,0.9908889817758283,0.05511282439545547,21315.0,29.0,0.0,S5,2,A5,20
0.02006781090018189,2.0417379446695296,3.388441561392024,0.019048550198335103,0.128680373205207,138.0,21.625,0.9879544710685852,0.06176384223083346,21825.0,58.0,0.0,S5,2,A6,20
0.02006781090018189,2.0417379446695296,2.0417379446695296,0.04410395366594037,0.14789559938171593,193.0,32.375,0.9975724412115249,0.02419024513520628,10555.0,37.0,0.12777777777777777,S5,2,B6,20
0.02006781090018189,0.7413102413009177,2.0417379446695296,0.01996759595508129,0.06123619569063449,74.0,16.25,0.9944429845376188,0.03835085343569287,13860.0,54.0,0.0,S5,2,B8,20
0.02006781090018189,2.0417379446695296,2.7148760106825023,0.10026817140622381,0.19223978993239846,311.0,47.125,0.995203405111811,0.03265192526830506,12840.0,24.0,0.0,S5,2,A3,30
0.02006781090018189,2.0417379446695296,2.5482967479793466,0.03419651004711623,0.11472056167011192,122.0,24.5,0.9898111052095473,0.05857588962719995,22410.0,28.0,0.0,S5,2,A5,30
0.02006781090018189,2.0417379446695296,3.388441561392024,0.033654580330372275,0.16839767584781273,169.0,29.375,0.990231838894985,0.051739333734731885,19100.0,56.0,0.0,S5,2,A6,30
0.02006781090018189,2.0417379446695296,2.0417379446695296,0.0681173994822802,0.17392591764903068,235.0,40.0,0.9966954400707398,0.026226736966972444,10915.0,38.0,0.12777777777777777,S5,2,B6,30
0.02006781090018189,1.8567353246307055,2.0417379446695296,0.03287334487960221,0.10346946756802056,121.0,26.0,0.9948969275226046,0.03616873420373057,13860.0,54.0,0.0,S5,2,B8,30
0.02006781090018189,2.0417379446695296,2.7148760106825023,0.11816302586736689,0.18697878838668827,315.0,59.625,0.9946240013626956,0.03135936376200566,11115.0,20.0,0.0,S5,2,A3,60
0.02006781090018189,2.0417379446695296,2.0417379446695296,0.04624839376501481,0.11967521463024006,139.0,28.5,0.9933962503204147,0.04357372850428371,18570.0,23.0,0.0,S5,2,A5,60
0.02006781090018189,2.0417379446695296,2.0417379446695296,0.07443432593999665,0.1768571801031715,203.0,36.125,0.9912952251559358,0.045327788644405786,16060.0,43.0,0.0,S5,2,A6,60
0.02006781090018189,2.0417379446695296,2.0417379446695296,0.131292250963741,0.2222731251280332,342.0,55.375,0.9960712650102668,0.026620409710319554,10990.0,36.0,0.12777777777777777,S5,2,B6,60
0.02006781090018189,2.0417379446695296,2.0417379446695296,0.08150548447771756,0.16247090154012328,199.0,42.875,0.99422508638284,0.03620768055568225,13860.0,54.0,0.0,S5,2,B8,60
0.02006781090018189,2.468880104906209,4.365158322401661,0.12956293492858015,0.20680061606077965,252.0,47.8,0.9922888486293747,0.04832171884463758,20280.0,28.0,0.0,S5,3,A3,10
0.02006781090018189,2.3173946499684797,3.609940135864167,0.06420351918459598,0.17844554216792038,184.0,38.7,0.9884266121215809,0.07028973007702419,34935.0,28.0,0.0,S5,3,A5,10
0.02006781090018189,2.0417379446695296,4.365158322401661,0.05324793629029986,0.14776067541297672,144.0,22.4,0.9900940134126806,0.05742726986713789,26105.0,67.0,0.0,S5,3,A6,10
0.02006781090018189,1.742809826672464,2.0417379446695296,0.043540596464537375,0.09660070934640584,117.0,26.7,0.997872111355505,0.027832792967153214,15755.0,23.0,0.3055555555555556,S5,3,B6,10
0.02006781090018189,1.9781080029332403,2.0417379446695296,0.03012061393211436,0.11888908714693112,113.0,29.3,0.9960193186802854,0.03577548519573637,15860.0,54.0,0.05555555555555555,S5,3,B8,10
0.02006781090018189,2.3173946499684797,3.1805336883295205,0.15972502653005644,0.20290875851857418,290.0,52.7,0.9940217314478336,0.03797650870635271,14880.0,22.0,0.0,S5,3,A3,20
0.02006781090018189,2.3173946499684797,3.726061338637685,0.09194894959758834,0.22692511167666826,234.0,46.9,0.9908840046309542,0.05783618185714142,27330.0,26.0,0.0,S5,3,A5,20
0.02006781090018189,2.0417379446695296,4.229119919212239,0.09728704738471555,0.21670360527032484,214.0,48.0,0.9887356530033374,0.05945379169231527,25050.0,56.0,0.0,S5,3,A6,20
0.02006781090018189,2.0417379446695296,2.0417379446695296,0.07636899786820431,0.11803136024842777,157.0,33.8,0.9975845297512209,0.02834288157569316,15755.0,23.0,0.3055555555555556,S5,3,B6,20
0.02006781090018189,2.0417379446695296,2.0417379446695296,0.06468012108349064,0.1575368838218307,166.0,37.5,0.9963461022041391,0.03446219969498516,15860.0,54.0,0.05555555555555555,S5,3,B8,20
0.02006781090018189,2.5482967479793466,2.6302679918953813,0.16923749956957135,0.19836734502221012,296.0,54.1,0.993862404900321,0.037368821443865996,14460.0,22.0,0.0,S5,3,A3,30
0.02006781090018189,2.3173946499684797,3.4974378036641802,0.10839288900575679,0.22248308806726583,251.0,48.8,0.9889800936388163,0.06385241744385263,28785.0,32.0,0.0,S5,3,A5,30
0.02006781090018189,2.1074146752966985,3.9696297343000686,0.13828498445761295,0.2737369658380524,266.0,59.8,0.9904763540176806,0.052180802416252954,22800.0,52.0,0.0,S5,3,A6,30
0.02006781090018189,2.0417379446695296,2.0417379446695296,0.10870279762966858,0.14435794133022797,199.0,40.4,0.9970104801023171,0.02947534507528431,16115.0,24.0,0.3055555555555556,S5,3,B6,30
0.02006781090018189,2.0417379446695296,2.0417379446695296,0.09926154096585058,0.2011995655018485,219.0,47.0,0.9963907619917268,0.03363662614026836,15860.0,54.0,0.05555555555555555,S5,3,B8,30
0.02006781090018189,2.892344370499147,2.892344370499147,0.16997079345998892,0.20964848849112064,319.0,73.1,0.9947680293676414,0.032137558831404046,12735.0,16.0,0.0,S5,3,A3,60
0.02006781090018189,2.6302679918953813,2.6302679918953813,0.08117414673390745,0.2637447605095023,273.0,52.7,0.9904968191656041,0.052876117101561634,23400.0,24.0,0.0,S5,3,A5,60
0.02006781090018189,2.0417379446695296,2.0417379446695296,0.16676762174869855,0.2561762597472523,284.0,67.7,0.9912528732357724,0.04619996772474468,18605.0,45.0,0.0,S5,3,A6,60
0.02006781090018189,2.0417379446695296,2.0417379446695296,0.19643511170797218,0.15438458095032384,280.0,52.0,0.9931734129836213,0.040690588767617934,18770.0,25.0,0.3055555555555556,S5,3,B6,60
0.02006781090018189,2.0417379446695296,2.0417379446695296,0.1986514279274626,0.25670138269332504,331.0,66.5,0.9951522377978682,0.03513672751368044,15860.0,54.0,0.05555555555555555,S5,3,B8,60
0.02006781090018189,2.0417379446695296,2.802205621666748,0.024995158001070935,0.10870857242680987,107.0,41.75,0.9955720877513804,0.030834605664342294,14265.0,16.0,0.0,S5,4,A3,10
0.02006781090018189,0.11816803125447838,0.41927599668460547,0.0,0.005931923393880473,14.0,29.5,0.9933174051582602,0.046137154691709335,21090.0,13.0,0.0,S5,4,A5,10
0.02006781090018189,0.1673978978860472,2.0417379446695296,0.007468071289414821,0.04295707520478807,47.0,28.75,0.9931525025277286,0.04310085726990523,18875.0,48.0,0.0,S5,4,A6,10
0.02006781090018189,1.2698429144338064,2.0417379446695296,0.00988527310772783,0.08098100797125941,83.0,31.25,0.996695845616496,0.0252150374351825,11215.0,23.0,0.06111111111111111,S5,4,B6,10
0.02006781090018189,0.024266100950824154,0.3812852456636189,0.0,1.5190584875494169e-05,0.0,19.5,0.9952714398299183,0.033836667397377077,12480.0,35.0,0.0,S5,4,B8,10
0.02006781090018189,2.0417379446695296,2.7148760106825023,0.03400697247845785,0.163990908434952,152.0,59.5,0.9973589294481635,0.0238314894719474,11865.0,11.0,0.0,S5,4,A3,20
0.02006781090018189,0.16218100973589297,0.43276287768448307,0.0,0.006497772680492631,17.0,36.75,0.9935532978333241,0.044106397639370215,18870.0,13.0,0.0,S5,4,A5,20
0.02006781090018189,0.5401321147646347,2.0417379446695296,0.004485020184489654,0.051222652200166335,53.0,36.25,0.99239145967616,0.04479893983649776,17635.0,44.0,0.0,S5,4,A6,20
0.02006781090018189,2.0417379446695296,2.0417379446695296,0.02223426919994987,0.10256398084467247,113.0,39.75,0.9979907101558367,0.020653616355322067,10015.0,21.0,0.06111111111111111,S5,4,B6,20
0.02006781090018189,0.11816803125447838,1.9781080029332403,0.0007025645504916053,0.03480542759597601,21.0,30.5,0.995911496333653,0.03158954071694,12480.0,35.0,0.0,S5,4,B8,20
0.02006781090018189,2.0417379446695296,2.7148760106825023,0.04270832937745186,0.1827617242832892,174.0,66.0,0.9964765162955603,0.026342304303957224,12570.0,12.0,0.0,S5,4,A3,30
0.02006781090018189,0.029342695039559687,0.40620942890585726,0.0,0.0050280835937885696,17.0,14.0,0.9921060475492074,0.04911705006823687,19260.0,16.0,0.0,S5,4,A5,30
0.02006781090018189,1.1547819846894583,2.0417379446695296,0.007785174748690761,0.06500810797467729,60.0,47.25,0.9915667591979256,0.04719945420582677,17690.0,38.0,0.0,S5,4,A6,30
0.02006781090018189,2.0417379446695296,2.0417379446695296,0.034075330110397574,0.128224676345601,145.0,50.25,0.9971886380228004,0.023712707413041885,10285.0,23.0,0.06111111111111111,S5,4,B6,30
0.02006781090018189,0.47588279098881686,2.0417379446695296,0.004697688372746572,0.04775160355611592,33.0,39.5,0.9957494779980919,0.03176724142235396,12480.0,35.0,0.0,S5,4,B8,30
0.02006781090018189,2.0417379446695296,2.468880104906209,0.06943806228899328,0.23178364049961833,223.0,87.5,0.9971639009919344,0.020425315688518828,10275.0,7.0,0.0,S5,4,A3,60
0.02006781090018189,0.16218100973589297,0.44668359215096304,0.0,0.007196539584765362,18.0,66.0,0.9942343999333261,0.04048993365680145,19065.0,9.0,0.0,S5,4,A5,60
0.02006781090018189,2.0417379446695296,2.0417379446695296,0.007257301924267339,0.12420581723447807,95.0,77.25,0.9935528313550571,0.03922746575857755,17605.0,28.0,0.0,S5,4,A6,60
0.02006781090018189,2.0417379446695296,2.0417379446695296,0.07167202767724565,0.2019901565010007,230.0,80.75,0.9977837639521623,0.020372707053195955,9985.0,22.0,0.06111111111111111,S5,4,B6,60
0.02006781090018189,2.0417379446695296,2.0417379446695296,0.015069060196490215,0.09519939541472196,66.0,69.0,0.995901923527896,0.0304397525128991,12480.0,35.0,0.0,S5,4,B8,60
0.02006781090018189,2.0417379446695296,4.505572682644998,0.12437667281455124,0.20033409716141612,220.0,79.42857142857143,0.9894838393601916,0.057874307508744054,23430.0,33.0,0.0,S5,5,A3,10
0.02006781090018189,2.0417379446695296,3.726061338637685,0.04534530618328148,0.12471201197284995,115.0,32.42857142857143,0.9875139395754432,0.06811426521926742,29025.0,28.0,0.0,S5,5,A5,10
0.02006781090018189,1.5355006336570662,3.4974378036641802,0.018039228471536536,0.07823105489005222,70.0,21.285714285714285,0.9918828911271704,0.04726687942702155,22115.0,47.0,0.0,S5,5,A6,10
0.02006781090018189,1.9164610627353873,2.0417379446695296,0.0315358533450081,0.1066052499208227,125.0,55.0,0.9973028698787835,0.026992128230432094,13085.0,36.0,0.11388888888888889,S5,5,B6,10
0.02006781090018189,2.0417379446695296,2.7148760106825023,0.052863268563195905,0.13456337599592624,138.0,48.142857142857146,0.9955873824868808,0.035439492325199405,14260.0,47.0,0.11388888888888889,S5,5,B8,10
0.02006781090018189,2.0417379446695296,4.097321098135414,0.18391645086970831,0.2849777372058796,314.0,101.14285714285714,0.9953472419524686,0.03347813202945487,14820.0,23.0,0.0,S5,5,A3,20
0.02006781090018189,2.0417379446695296,3.9696297343000686,0.08123435860175991,0.17408294055181922,172.0,62.714285714285715,0.9873359332168493,0.06793083518714375,28335.0,27.0,0.0,S5,5,A5,20
0.02006781090018189,2.0417379446695296,3.4974378036641802,0.0474528196434227,0.12493945265197384,127.0,32.57142857142857,0.9910142492033696,0.051348829976710704,22490.0,43.0,0.0,S5,5,A6,20
0.02006781090018189,2.0417379446695296,2.0417379446695296,0.05924480379554247,0.17261117424595265,194.0,63.57142857142857,0.9977528678688307,0.02477261382356173,13085.0,36.0,0.11388888888888889,S5,5,B6,20
0.02006781090018189,2.0417379446695296,2.1074146752966985,0.10006303134179133,0.16100160838596295,187.0,58.285714285714285,0.9958964220358935,0.033242413017119984,14045.0,45.0,0.11388888888888889,S5,5,B8,20
0.02006781090018189,2.0417379446695296,3.9696297343000686,0.20672339487427888,0.2750503008737448,326.0,103.14285714285714,0.9946544317003045,0.03524194152885665,14985.0,22.0,0.0,S5,5,A3,30
0.02006781090018189,2.0417379446695296,3.8459178204535354,0.10457148002558514,0.17673149890393774,187.0,65.14285714285714,0.9868807231778225,0.06881305524292798,29115.0,27.0,0.0,S5,5,A5,30
0.02006781090018189,2.0417379446695296,3.4974378036641802,0.07654116288168117,0.1720879830591625,166.0,52.0,0.991873356256036,0.04765011680800092,22050.0,35.0,0.0,S5,5,A6,30
0.02006781090018189,2.0417379446695296,2.0417379446695296,0.09468984232849575,0.22446609659009756,250.0,72.0,0.9977237282531671,0.023928245914158323,13085.0,36.0,0.11388888888888889,S5,5,B6,30
0.02006781090018189,2.0417379446695296,2.0417379446695296,0.12559227726338407,0.18110953791505982,218.0,67.57142857142857,0.9959246573165816,0.03302319793058068,14045.0,45.0,0.11388888888888889,S5,5,B8,30
0.02006781090018189,2.0417379446695296,2.9853826189179604,0.2743454676428762,0.2372516782482876,354.0,108.28571428571429,0.9968982542913007,0.022486889287188276,10185.0,14.0,0.0,S5,5,A3,60
0.02006781090018189,2.0417379446695296,3.726061338637685,0.15634179133210377,0.2762767727953003,271.0,102.28571428571429,0.9930201852861059,0.04465019008396536,21630.0,25.0,0.0,S5,5,A5,60
0.02006781090018189,2.0417379446695296,3.609940135864167,0.13581158286292702,0.2787825015059212,262.0,100.0,0.994362865673119,0.03552182512438591,17445.0,34.0,0.0,S5,5,A6,60
0.02006781090018189,2.0417379446695296,2.0417379446695296,0.2023329358943309,0.2307886369705212,336.0,86.71428571428571,0.9970863087381371,0.025069597455732083,13205.0,36.0,0.11388888888888889,S5,5,B6,60
0.02006781090018189,2.0417379446695296,2.0417379446695296,0.21006048524818202,0.21403798026466953,286.0,88.0,0.9953532870523791,0.031720405631995414,13975.0,44.0,0.11388888888888889,S5,5,B8,60
0.02006781090018189,2.0417379446695296,4.365158322401661,0.10604328435922396,0.17433160527924296,216.0,44.625,0.9932498187452603,0.04213975267679067,18975.0,27.0,0.0,S5,6,A3,10
0.02006781090018189,2.0417379446695296,3.388441561392024,0.038793898017858354,0.13237724401783896,127.0,25.0,0.9890131456168586,0.06628347359379069,31755.0,26.0,0.0,S5,6,A5,10
0.02006781090018189,1.7988709151287874,3.2828421431654635,0.01870971601915844,0.09556823657631844,118.0,21.625,0.9925331613416807,0.04888351712135242,24875.0,59.0,0.0,S5,6,A6,10
0.02006781090018189,2.0417379446695296,2.0417379446695296,0.0378633036987688,0.15145725734207385,141.0,31.0,0.9951881612228203,0.035115401738556755,15885.0,29.0,0.41944444444444445,S5,6,B6,10
0.02006781090018189,0.8963961859499497,2.0417379446695296,0.013256320117977692,0.06326100947249613,66.0,19.375,0.9953278031950319,0.036813435707947345,14850.0,46.0,0.0,S5,6,B8,10
0.02006781090018189,2.0417379446695296,3.4974378036641802,0.15849452315732623,0.2248779959315807,285.0,54.5,0.9950857475473753,0.03189516410769665,13710.0,23.0,0.0,S5,6,A3,20
0.02006781090018189,2.0417379446695296,3.4974378036641802,0.06516504910886094,0.18954128410696902,181.0,33.75,0.990871455000989,0.0556707152053496,26475.0,30.0,0.0,S5,6,A5,20
0.02006781090018189,2.0417379446695296,3.9696297343000686,0.04670677951301862,0.18143840290287214,168.0,33.125,0.9906499094823953,0.052845876006055635,24420.0,49.0,0.0,S5,6,A6,20
0.02006781090018189,2.0417379446695296,2.0417379446695296,0.06859959703891517,0.1794931292871211,179.0,37.625,0.9961298502177526,0.030705350379075295,13620.0,28.0,0.41944444444444445,S5,6,B6,20
0.02006781090018189,1.9164610627353873,2.0417379446695296,0.030936803671279482,0.12682601847929084,121.0,27.875,0.995823325836612,0.03474642990751047,14850.0,46.0,0.0,S5,6,B8,20
0.02006781090018189,2.0417379446695296,2.9853826189179604,0.17228284246032644,0.21875434573802355,295.0,55.25,0.9932028381447346,0.036878890885962676,13860.0,23.0,0.0,S5,6,A3,30
0.02006781090018189,2.0417379446695296,3.081413635333949,0.07699192460811549,0.20056288424409222,194.0,37.875,0.9907808242297923,0.055911675598589804,27075.0,27.0,0.0,S5,6,A5,30
0.02006781090018189,2.0417379446695296,3.9696297343000686,0.0818567256662926,0.24045069547978565,228.0,43.625,0.9916560261628077,0.047293075063467256,23210.0,51.0,0.0,S5,6,A6,30
0.02006781090018189,2.0417379446695296,2.0417379446695296,0.0973534253309229,0.19445702125732914,209.0,42.875,0.9959328461129475,0.031352162935032284,14100.0,29.0,0.41944444444444445,S5,6,B6,30
0.02006781090018189,2.0417379446695296,2.0417379446695296,0.057772039157727245,0.1781348334955742,172.0,34.875,0.9967022432716267,0.031398637663722785,14850.0,46.0,0.0,S5,6,B8,30
0.02006781090018189,2.0417379446695296,2.0417379446695296,0.22088800204391176,0.22234008492582735,349.0,63.625,0.9946727060448526,0.030643562134334036,10665.0,15.0,0.0,S5,6,A3,60
0.02006781090018189,2.0417379446695296,2.0417379446695296,0.10894340757605647,0.19953203475943612,220.0,42.0,0.9904709173612519,0.051365020077480505,20100.0,24.0,0.0,S5,6,A5,60
0.02006781090018189,2.0417379446695296,2.468880104906209,0.10901132236563382,0.2570138190426602,264.0,54.625,0.9921839895606152,0.0426233861119747,18920.0,39.0,0.0,S5,6,A6,60
0.02006781090018189,2.0417379446695296,2.0417379446695296,0.15274682983464366,0.15305406340654115,221.0,51.75,0.9949896572293082,0.034007764466278415,15445.0,26.0,0.41944444444444445,S5,6,B6,60
0.02006781090018189,2.0417379446695296,2.0417379446695296,0.14166378298314097,0.23684150951938968,269.0,53.25,0.9958632971182166,0.032497232796655305,14850.0,46.0,0.0,S5,6,B8,60
0.02006781090018189,1.3963683610559376,2.0417379446695296,0.020048796629443897,0.06674581942916799,95.0,21.6,0.9950685040841154,0.03316313706558693,10845.0,21.0,0.0,S5,7,A3,10
0.02006781090018189,0.08341612282410431,2.0417379446695296,0.007440670382729628,0.04235333047482336,47.0,8.8,0.9920354552584089,0.04881526009652926,17595.0,21.0,0.0,S5,7,A5,10
0.02006781090018189,0.04290421892388853,1.4876473740795015,0.0,0.022156559348259726,37.0,9.4,0.9904553585247851,0.05053702819861592,15350.0,52.0,0.0,S5,7,A6,10
0.02006781090018189,0.41927599668460547,2.0417379446695296,0.003723830651926698,0.04538039932141459,61.0,15.4,0.9957154946467465,0.030193183882863992,8700.0,23.0,0.06388888888888888,S5,7,B6,10
0.02006781090018189,0.02006781090018189,1.3528511027866506,0.001929494230159766,0.014485188568445778,17.0,3.8,0.9960281581756121,0.032880939237242696,10715.0,31.0,0.0,S5,7,B8,10
0.02006781090018189,2.0417379446695296,2.1752040340195222,0.039090900617065306,0.10076480677094014,127.0,38.6,0.9967683562745039,0.024686173219936006,8970.0,16.0,0.0,S5,7,A3,20
0.02006781090018189,1.0501467677660838,2.0417379446695296,0.010919818795324472,0.06110997184989094,70.0,11.6,0.9944584464983677,0.03897580958056443,14055.0,18.0,0.0,S5,7,A5,20
0.02006781090018189,0.06077850313707005,2.0417379446695296,0.0014576070543054754,0.035342601741205425,50.0,13.4,0.9920395746280438,0.04554709337069694,13255.0,34.0,0.0,S5,7,A6,20
0.02006781090018189,1.3106900423660772,2.0417379446695296,0.009139464215805075,0.07469566190041199,97.0,21.4,0.9961407058340311,0.027644935164897272,8440.0,23.0,0.06388888888888888,S5,7,B6,20
0.02006781090018189,0.024266100950824154,2.0417379446695296,0.005266493913238008,0.025572789470740664,28.0,5.8,0.9960416664188245,0.03245643538632793,10715.0,31.0,0.0,S5,7,B8,20
0.02006781090018189,2.0417379446695296,2.0417379446695296,0.045727615070561695,0.10944287019257658,140.0,44.6,0.9964807717529341,0.025238552902107542,9000.0,16.0,0.0,S5,7,A3,30
0.02006781090018189,1.8567353246307055,2.0417379446695296,0.01543362353423687,0.08420564493577674,80.0,21.2,0.993666582123472,0.04077406240471424,15435.0,20.0,0.0,S5,7,A5,30
0.02006781090018189,0.3812852456636189,2.0417379446695296,0.0027893775283831398,0.046366119199865774,65.0,17.4,0.9925225152706365,0.043619416409813,13115.0,32.0,0.0,S5,7,A6,30
0.02006781090018189,2.0417379446695296,2.0417379446695296,0.01604882459312839,0.09656093286851476,124.0,27.8,0.9965903407987523,0.025511589694078927,8255.0,22.0,0.06388888888888888,S5,7,B6,30
0.02006781090018189,0.03126079367123956,2.0417379446695296,0.009209373427042747,0.03434872578810984,37.0,7.8,0.9959208927128181,0.03252789358691151,10715.0,31.0,0.0,S5,7,B8,30
0.02006781090018189,2.0417379446695296,2.0417379446695296,0.06377351279804627,0.0987654033295427,137.0,48.2,0.9978010648930917,0.018228512221906138,7155.0,8.0,0.0,S5,7,A3,60
0.02006781090018189,2.0417379446695296,2.0417379446695296,0.033605357841949256,0.09420732275684644,95.0,28.0,0.9955802378908409,0.03134871939222523,12150.0,15.0,0.0,S5,7,A5,60
0.02006781090018189,2.0417379446695296,2.0417379446695296,0.017698681978337467,0.09723672191047893,87.0,24.0,0.9946393069176253,0.03301637960347885,11725.0,20.0,0.0,S5,7,A6,60
0.02006781090018189,2.0417379446695296,2.0417379446695296,0.04327729721668127,0.16653888816390447,211.0,56.2,0.9970579189015737,0.021663824111908262,8165.0,22.0,0.06388888888888888,S5,7,B6,60
0.02006781090018189,2.0417379446695296,2.0417379446695296,0.022058686452526986,0.06806826867508063,71.0,19.2,0.9964537420828129,0.029287302209920308,10715.0,31.0,0.0,S5,7,B8,60
0.02006781090018189,2.7148760106825023,4.9545019080479005,0.1649286665503847,0.25966386205636355,321.0,62.6,0.9879198187436539,0.06480435283791111,25365.0,43.0,0.0,S5,8,A3,10
0.02006781090018189,2.0417379446695296,3.726061338637685,0.06522034048467432,0.16765644769664803,168.0,32.5,0.9861811523315659,0.07704230504836942,33165.0,31.0,0.0,S5,8,A5,10
0.02006781090018189,2.0417379446695296,4.229119919212239,0.03422704330949553,0.10765633695191741,114.0,21.9,0.9908206428184533,0.05355251332097786,25780.0,65.0,0.0,S5,8,A6,10
0.02006781090018189,2.0417379446695296,2.0417379446695296,0.04087172714713268,0.1503622737000645,150.0,32.5,0.9980062324685102,0.024827716214722125,14880.0,31.0,0.2,S5,8,B6,10
0.02006781090018189,2.0417379446695296,2.1074146752966985,0.04172100080013068,0.17245930823304015,168.0,48.7,0.9925532398659099,0.045955988860775294,17825.0,42.0,0.3416666666666667,S5,8,B8,10
0.02006781090018189,2.5482967479793466,4.365158322401661,0.21355806207795874,0.3066210121514656,347.0,83.9,0.9917900952462925,0.046451545393236655,18090.0,31.0,0.0,S5,8,A3,20
0.02006781090018189,2.0417379446695296,3.726061338637685,0.08630682935067596,0.21817473303598373,224.0,44.4,0.9876496479653933,0.0695028764566812,29415.0,33.0,0.0,S5,8,A5,20
0.02006781090018189,2.0417379446695296,4.365158322401661,0.07554797877023514,0.16991494804687823,175.0,35.2,0.9898898143648757,0.0553460663144727,24860.0,55.0,0.0,S5,8,A6,20
0.02006781090018189,2.0417379446695296,2.1074146752966985,0.07664781237627737,0.17430251584341802,191.0,38.4,0.9976358457499269,0.025331230796191234,14880.0,31.0,0.2,S5,8,B6,20
0.02006781090018189,2.0417379446695296,2.1074146752966985,0.07091123532978397,0.19447743714544383,199.0,52.6,0.9931051871888297,0.04098725436489712,16080.0,39.0,0.3416666666666667,S5,8,B8,20
0.02006781090018189,2.5482967479793466,4.365158322401661,0.23740278689114624,0.29468688311724267,347.0,86.6,0.9911802232311245,0.04735799255666464,18465.0,31.0,0.0,S5,8,A3,30
0.02006781090018189,2.0417379446695296,4.365158322401661,0.09974154948489858,0.2691131561971367,251.0,51.4,0.9862114056888979,0.07397825843341561,30990.0,33.0,0.0,S5,8,A5,30
0.02006781090018189,2.0417379446695296,4.229119919212239,0.1152125883535304,0.21634606067150067,237.0,49.4,0.9910297052986627,0.05081203642501397,23130.0,56.0,0.0,S5,8,A6,30
0.02006781090018189,2.0417379446695296,2.0417379446695296,0.11220517676243318,0.18798779593068488,231.0,43.9,0.9976348504372289,0.02505279185010866,14995.0,31.0,0.2,S5,8,B6,30
0.02006781090018189,2.0417379446695296,2.1074146752966985,0.09611119878402286,0.20544947133234218,219.0,54.9,0.9933326903885318,0.03976046118838592,16140.0,39.0,0.3416666666666667,S5,8,B8,30
0.02006781090018189,2.0417379446695296,2.468880104906209,0.3199207621452362,0.24082964414949432,365.0,85.1,0.9942337958387543,0.03233357918161317,11880.0,20.0,0.0,S5,8,A3,60
0.02006781090018189,2.0417379446695296,3.1805336883295205,0.20271476864041463,0.2519587974229701,255.0,75.3,0.9901366512535504,0.05531147259236031,24525.0,27.0,0.0,S5,8,A5,60
0.02006781090018189,2.0417379446695296,4.365158322401661,0.22143408888925803,0.3015329839337082,332.0,81.6,0.9926044852858044,0.04133912387170115,19630.0,44.0,0.0,S5,8,A6,60
0.02006781090018189,2.0417379446695296,2.1074146752966985,0.2179483984927642,0.22599123455457085,342.0,62.9,0.9963107256021795,0.029445920608764588,16260.0,31.0,0.2,S5,8,B6,60
0.02006781090018189,2.0417379446695296,2.0417379446695296,0.16368624910365984,0.2567450462497681,302.0,68.5,0.994536537308224,0.03358214730981949,15640.0,36.0,0.3416666666666667,S5,8,B8,60
0.02006781090018189,2.0417379446695296,3.9696297343000686,0.04436119449761721,0.19964496296000417,138.0,51.714285714285715,0.9957227424461288,0.03272706359108531,17325.0,15.0,0.0,S5,9,A3,10
0.02006781090018189,2.0417379446695296,2.9853826189179604,0.027089433692108682,0.1187599666931933,92.0,37.57142857142857,0.9938038752480919,0.04374812421131157,23415.0,14.0,0.0,S5,9,A5,10
0.02006781090018189,1.2302687708123812,3.4974378036641802,0.025515502720772815,0.056928061599156886,69.0,26.857142857142858,0.9918756082055693,0.048452795537523206,21725.0,48.0,0.0,S5,9,A6,10
0.02006781090018189,1.2698429144338064,2.0417379446695296,0.0266853889430005,0.07066942379838935,71.0,45.0,0.9967918441606705,0.030124697719546876,14100.0,31.0,0.08055555555555556,S5,9,B6,10
0.02006781090018189,0.6130557921498209,2.0417379446695296,0.011552914499214955,0.051570243870963775,44.0,48.42857142857143,0.9939207813195117,0.04106933546208722,14550.0,37.0,0.10555555555555556,S5,9,B8,10
0.02006781090018189,2.0417379446695296,3.726061338637685,0.058377552932934715,0.26287335731996964,179.0,63.142857142857146,0.996115939273327,0.029712682814994982,16185.0,11.0,0.0,S5,9,A3,20
0.02006781090018189,0.2867477375581316,2.0417379446695296,0.00541158794195275,0.04257295081715362,74.0,41.42857142857143,0.9941527576990122,0.04211961115286382,20985.0,14.0,0.0,S5,9,A5,20
0.02006781090018189,2.0417379446695296,3.726061338637685,0.05365345558119456,0.1352121158118227,127.0,44.57142857142857,0.9917704110468604,0.04782879673383441,19625.0,48.0,0.0,S5,9,A6,20
0.02006781090018189,1.742809826672464,2.0417379446695296,0.048829499261043637,0.07816960047194885,91.0,50.0,0.9968577230411625,0.029745270666376326,14100.0,31.0,0.08055555555555556,S5,9,B6,20
0.02006781090018189,0.9549925860214359,2.0417379446695296,0.0285135762108284,0.0569165394104941,50.0,56.714285714285715,0.9944646364100945,0.03877091410456289,14325.0,36.0,0.10555555555555556,S5,9,B8,20
0.02006781090018189,2.0417379446695296,3.726061338637685,0.07621697356656291,0.27184837414236507,183.0,68.28571428571429,0.995938612832183,0.028679429858944953,16170.0,9.0,0.0,S5,9,A3,30
0.02006781090018189,0.12196915077508336,2.0417379446695296,0.007848146771175478,0.03983527879087689,74.0,9.428571428571429,0.9938792390399895,0.04278711934932755,21945.0,12.0,0.0,S5,9,A5,30
0.02006781090018189,2.0417379446695296,3.9696297343000686,0.10369048021409763,0.21040438273330897,175.0,64.85714285714286,0.9926005502050288,0.044059999171048796,18620.0,40.0,0.0,S5,9,A6,30
0.02006781090018189,2.0417379446695296,2.0417379446695296,0.07025769759017265,0.1643678620041234,134.0,53.142857142857146,0.996924404161007,0.02882322784947576,14235.0,31.0,0.08055555555555556,S5,9,B6,30
0.02006781090018189,1.2302687708123812,2.0417379446695296,0.04477061626810136,0.06833118764575569,67.0,62.142857142857146,0.9948532313965067,0.03690663529813201,14325.0,36.0,0.10555555555555556,S5,9,B8,30
0.02006781090018189,2.0417379446695296,2.3173946499684797,0.19401522157936946,0.21053343124633211,214.0,75.28571428571429,0.9978568345320891,0.019674321031873415,11145.0,7.0,0.0,S5,9,A3,60
0.02006781090018189,2.0417379446695296,2.802205621666748,0.04145760295459643,0.18941018684381136,134.0,67.42857142857143,0.9956604382896902,0.03331899451771091,19650.0,9.0,0.0,S5,9,A5,60
0.02006781090018189,2.0417379446695296,2.9853826189179604,0.15314985912203996,0.23417081721507163,196.0,72.85714285714286,0.9936076377484903,0.03803866819067099,17325.0,27.0,0.0,S5,9,A6,60
0.02006781090018189,2.0417379446695296,2.468880104906209,0.16333240131629484,0.19312417232278106,190.0,67.71428571428571,0.9965802133211955,0.02871483302872309,15045.0,31.0,0.08055555555555556,S5,9,B6,60
0.02006781090018189,2.0417379446695296,2.3173946499684797,0.11998055054553723,0.21504167959712284,164.0,65.14285714285714,0.9962438814541889,0.029490399156984377,14295.0,35.0,0.10555555555555556,S5,9,B8,60
