metric,profile,config,median_cfg,median_A3,p_raw,p_holm,signif
err_rate,S1,A1,0.0,0.0,1.0,1.0,False
err_rate,S1,A2,0.0,0.0,1.0,1.0,False
err_rate,S1,A4,0.0,0.0,1.0,1.0,False
err_rate,S1,B1,0.0,0.0,1.0,1.0,False
err_rate,S1,B2,0.0,0.0,1.0,1.0,False
err_rate,S1,B3,0.0,0.0,1.0,1.0,False
err_rate,S1,B4,0.0,0.0,1.0,1.0,False
err_rate,S1,B5,0.0,0.0,1.0,1.0,False
err_rate,S1,B6,0.0,0.0,1.0,1.0,False
err_rate,S1,B7,0.0,0.0,1.0,1.0,False
err_rate,S2,A1,0.0,0.0,1.0,1.0,False
err_rate,S2,A2,0.00015736894812145002,0.0,6.386444750436982e-05,0.0038318668502621894,True
err_rate,S2,A4,0.0,0.0,1.0,1.0,False
err_rate,S2,B1,0.0,0.0,1.0,1.0,False
err_rate,S2,B2,0.0,0.0,1.0,1.0,False
err_rate,S2,B3,0.0,0.0,1.0,1.0,False
err_rate,S2,B4,0.0,0.0,1.0,1.0,False
err_rate,S2,B5,0.0,0.0,1.0,1.0,False
err_rate,S2,B6,0.0,0.0,1.0,1.0,False
err_rate,S2,B7,0.0,0.0,1.0,1.0,False
err_rate,S3,A1,0.0,0.14323444628179555,6.386444750436982e-05,0.0038318668502621894,True
err_rate,S3,A2,0.14638016664923975,0.14323444628179555,0.4273553138978077,1.0,False
err_rate,S3,A4,0.16162544421699088,0.14323444628179555,0.00032983852077799353,0.01583224899734369,True
err_rate,S3,B1,0.0494080382918584,0.14323444628179555,0.00018267179110955002,0.010046948511025252,True
err_rate,S3,B2,0.04908337404233275,0.14323444628179555,0.00018267179110955002,0.010046948511025252,True
err_rate,S3,B3,0.048103241838475655,0.14323444628179555,0.00018267179110955002,0.010046948511025252,True
err_rate,S3,B4,0.047275751534530897,0.14323444628179555,0.00018267179110955002,0.010046948511025252,True
err_rate,S3,B5,0.0494080382918584,0.14323444628179555,0.00018267179110955002,0.010046948511025252,True
err_rate,S3,B6,0.06115044464200245,0.14323444628179555,0.00018267179110955002,0.010046948511025252,True
err_rate,S3,B7,0.05316351021392805,0.14323444628179555,0.00018267179110955002,0.010046948511025252,True
err_rate,S4,A1,0.0,0.00370725644571605,6.386444750436982e-05,0.0038318668502621894,True
err_rate,S4,A2,0.00532242080794765,0.00370725644571605,0.025748080821108063,1.0,False
err_rate,S4,A4,0.0004747944825742,0.00370725644571605,0.06362233260013418,1.0,False
err_rate,S4,B1,0.0037495644513979,0.00370725644571605,0.6771264456476052,1.0,False
err_rate,S4,B2,0.0037495644513979,0.00370725644571605,0.6771264456476052,1.0,False
err_rate,S4,B3,7.025886488435e-05,0.00370725644571605,0.2694055995352045,1.0,False
err_rate,S4,B4,0.0037495644513979,0.00370725644571605,0.6771264456476052,1.0,False
err_rate,S4,B5,0.0037495644513979,0.00370725644571605,0.6771264456476052,1.0,False
err_rate,S4,B6,0.0037495644513979,0.00370725644571605,0.6771264456476052,1.0,False
err_rate,S4,B7,0.0037495644513979,0.00370725644571605,0.6771264456476052,1.0,False
err_rate,S5,A1,0.0,0.08824257248639335,6.386444750436982e-05,0.0038318668502621894,True
err_rate,S5,A2,0.0902360614468761,0.08824257248639335,0.7913367801006604,1.0,False
err_rate,S5,A4,0.15750806592632693,0.08824257248639335,0.18587673236587576,1.0,False
err_rate,S5,B1,0.054526294741407,0.08824257248639335,0.12122450301291662,1.0,False
err_rate,S5,B2,0.04914548642484185,0.08824257248639335,0.12122450301291662,1.0,False
err_rate,S5,B3,0.04514172621732675,0.08824257248639335,0.04515456962427901,1.0,False
err_rate,S5,B4,0.0525430983124232,0.08824257248639335,0.10410988966022681,1.0,False
err_rate,S5,B5,0.054526294741407,0.08824257248639335,0.10410988966022681,1.0,False
err_rate,S5,B6,0.07419566864889325,0.08824257248639335,0.24132159301718004,1.0,False
err_rate,S5,B7,0.059997165122589804,0.08824257248639335,0.3846730627355087,1.0,False
err_rate,S5X,A1,0.0,0.1669126030523142,6.386444750436982e-05,0.0038318668502621894,True
err_rate,S5X,A2,0.16756259527439535,0.1669126030523142,0.8203966178058115,1.0,False
err_rate,S5X,A4,0.2840138861332906,0.1669126030523142,0.00579535854433471,0.27238185158373135,False
err_rate,S5X,B1,0.13030585725351118,0.1669126030523142,0.21229383619233155,1.0,False
err_rate,S5X,B2,0.13508653129972314,0.1669126030523142,0.4273553138978077,1.0,False
err_rate,S5X,B3,0.1103398341316971,0.1669126030523142,0.14046504815835495,1.0,False
err_rate,S5X,B4,0.1255829490883267,0.1669126030523142,0.16197241048012612,1.0,False
err_rate,S5X,B5,0.12502208466239978,0.1669126030523142,0.3447042220069576,1.0,False
err_rate,S5X,B6,0.1345477069419641,0.1669126030523142,0.5707503880581739,1.0,False
err_rate,S5X,B7,0.08753747929414615,0.1669126030523142,0.0211339281291611,0.9721606939414107,False
slo_viol_s,S1,A1,0.0,0.0,1.0,1.0,False
slo_viol_s,S1,A2,0.0,0.0,1.0,1.0,False
slo_viol_s,S1,A4,0.0,0.0,0.16807831903497028,1.0,False
slo_viol_s,S1,B1,0.0,0.0,0.03498309640812092,0.9095605066111438,False
slo_viol_s,S1,B2,0.0,0.0,0.03498309640812092,0.9095605066111438,False
slo_viol_s,S1,B3,0.0,0.0,1.0,1.0,False
slo_viol_s,S1,B4,21.5,0.0,6.294387081562151e-05,0.0037766322489372907,True
slo_viol_s,S1,B5,0.0,0.0,0.03498309640812092,0.9095605066111438,False
slo_viol_s,S1,B6,0.0,0.0,0.03498309640812092,0.9095605066111438,False
slo_viol_s,S1,B7,0.0,0.0,0.03498309640812092,0.9095605066111438,False
slo_viol_s,S2,A1,0.0,41.5,6.340287417294021e-05,0.0037766322489372907,True
slo_viol_s,S2,A2,142.5,41.5,0.00018165114609146497,0.00785221354791362,True
slo_viol_s,S2,A4,48.5,41.5,0.005558910271953328,0.1556494876146932,False
slo_viol_s,S2,B1,0.0,41.5,6.340287417294021e-05,0.0037766322489372907,True
slo_viol_s,S2,B2,0.0,41.5,6.340287417294021e-05,0.0037766322489372907,True
slo_viol_s,S2,B3,0.0,41.5,6.340287417294021e-05,0.0037766322489372907,True
slo_viol_s,S2,B4,32.0,41.5,0.0014561184432541636,0.04368355329762491,True
slo_viol_s,S2,B5,0.0,41.5,6.340287417294021e-05,0.0037766322489372907,True
slo_viol_s,S2,B6,0.0,41.5,6.340287417294021e-05,0.0037766322489372907,True
slo_viol_s,S2,B7,0.0,41.5,6.340287417294021e-05,0.0037766322489372907,True
slo_viol_s,S3,A1,0.0,348.0,6.340287417294021e-05,0.0037766322489372907,True
slo_viol_s,S3,A2,392.0,348.0,0.0001806347208075351,0.00785221354791362,True
slo_viol_s,S3,A4,374.0,348.0,0.00020870775462435186,0.00785221354791362,True
slo_viol_s,S3,B1,135.0,348.0,0.00016117654782723672,0.007736474295707362,True
slo_viol_s,S3,B2,133.5,348.0,0.00017561553104590864,0.00785221354791362,True
slo_viol_s,S3,B3,128.5,348.0,0.00017561553104590864,0.00785221354791362,True
slo_viol_s,S3,B4,145.5,348.0,0.0001796225049907081,0.00785221354791362,True
slo_viol_s,S3,B5,135.0,348.0,0.00016117654782723672,0.007736474295707362,True
slo_viol_s,S3,B6,144.0,348.0,0.00017070029451986127,0.00785221354791362,True
slo_viol_s,S3,B7,130.5,348.0,0.00017661101166893502,0.00785221354791362,True
slo_viol_s,S4,A1,0.0,178.0,6.386444750436982e-05,0.0037766322489372907,True
slo_viol_s,S4,A2,289.0,178.0,0.0001806347208075351,0.00785221354791362,True
slo_viol_s,S4,A4,149.5,178.0,0.16197241048012612,1.0,False
slo_viol_s,S4,B1,45.5,178.0,0.00017861448837368162,0.00785221354791362,True
slo_viol_s,S4,B2,45.5,178.0,0.00017861448837368162,0.00785221354791362,True
slo_viol_s,S4,B3,25.0,178.0,0.00017265399688226732,0.00785221354791362,True
slo_viol_s,S4,B4,92.0,178.0,0.00018165114609146497,0.00785221354791362,True
slo_viol_s,S4,B5,45.5,178.0,0.00017861448837368162,0.00785221354791362,True
slo_viol_s,S4,B6,50.5,178.0,0.00017861448837368162,0.00785221354791362,True
slo_viol_s,S4,B7,45.5,178.0,0.00017861448837368162,0.00785221354791362,True
slo_viol_s,S5,A1,0.0,239.0,6.340287417294021e-05,0.0037766322489372907,True
slo_viol_s,S5,A2,248.5,239.0,0.3844942826161789,1.0,False
slo_viol_s,S5,A4,376.5,239.0,0.03756347188589839,0.9095605066111438,False
slo_viol_s,S5,B1,158.0,239.0,0.08186862373064437,1.0,False
slo_viol_s,S5,B2,152.5,239.0,0.0755515855296866,1.0,False
slo_viol_s,S5,B3,118.0,239.0,0.013983257746930513,0.37754795916712386,False
slo_viol_s,S5,B4,185.5,239.0,0.17329374316974477,1.0,False
slo_viol_s,S5,B5,155.5,239.0,0.05381236601214543,1.0,False
slo_viol_s,S5,B6,193.0,239.0,0.21212191786139534,1.0,False
slo_viol_s,S5,B7,166.5,239.0,0.12108458343032173,1.0,False
slo_viol_s,S5X,A1,0.0,272.5,6.386444750436982e-05,0.0037766322489372907,True
slo_viol_s,S5X,A2,291.5,272.5,0.4723423874468554,1.0,False
slo_viol_s,S5X,A4,396.5,272.5,0.0036105143123296027,0.10470491505755848,False
slo_viol_s,S5X,B1,209.0,272.5,0.28973706282213785,1.0,False
slo_viol_s,S5X,B2,231.5,272.5,0.1403158334701604,1.0,False
slo_viol_s,S5X,B3,188.0,272.5,0.18587673236587576,1.0,False
slo_viol_s,S5X,B4,208.0,272.5,0.3447042220069576,1.0,False
slo_viol_s,S5X,B5,237.0,272.5,0.3846730627355087,1.0,False
slo_viol_s,S5X,B6,228.5,272.5,0.47267559351158717,1.0,False
slo_viol_s,S5X,B7,183.5,272.5,0.06953745003698122,1.0,False
pod_s,S1,A1,9000.0,9000.0,1.0,1.0,False
pod_s,S1,A2,9000.0,9000.0,1.0,1.0,False
pod_s,S1,A4,9000.0,9000.0,1.0,1.0,False
pod_s,S1,B1,9560.0,9000.0,6.386444750436982e-05,0.003713688378121669,True
pod_s,S1,B2,9522.5,9000.0,6.386444750436982e-05,0.003713688378121669,True
pod_s,S1,B3,10510.0,9000.0,6.386444750436982e-05,0.003713688378121669,True
pod_s,S1,B4,9560.0,9000.0,6.386444750436982e-05,0.003713688378121669,True
pod_s,S1,B5,9560.0,9000.0,6.386444750436982e-05,0.003713688378121669,True
pod_s,S1,B6,8980.0,9000.0,4.1385417622523095e-05,0.002483125057351386,True
pod_s,S1,B7,9152.5,9000.0,6.294387081562151e-05,0.003713688378121669,True
pod_s,S2,A1,23400.0,17107.5,8.627860458731718e-05,0.004486487438540494,True
pod_s,S2,A2,17070.0,17107.5,1.0,1.0,False
pod_s,S2,A4,16380.0,17107.5,0.0035852853678737984,0.08604684882897116,False
pod_s,S2,B1,18762.5,17107.5,0.0001806347208075351,0.009160747754526114,True
pod_s,S2,B2,18510.0,17107.5,0.0001796225049907081,0.009160747754526114,True
pod_s,S2,B3,18892.5,17107.5,0.0001796225049907081,0.009160747754526114,True
pod_s,S2,B4,18762.5,17107.5,0.0001806347208075351,0.009160747754526114,True
pod_s,S2,B5,18762.5,17107.5,0.0001806347208075351,0.009160747754526114,True
pod_s,S2,B6,16857.5,17107.5,0.3441594615512613,1.0,False
pod_s,S2,B7,17820.0,17107.5,0.0001806347208075351,0.009160747754526114,True
pod_s,S3,A1,18000.0,14857.5,6.340287417294021e-05,0.003713688378121669,True
pod_s,S3,A2,14407.5,14857.5,0.0016925575686649332,0.044006496785288264,True
pod_s,S3,A4,10035.0,14857.5,0.0001806347208075351,0.009160747754526114,True
pod_s,S3,B1,11990.0,14857.5,0.00018165114609146497,0.009160747754526114,True
pod_s,S3,B2,11967.5,14857.5,0.0001806347208075351,0.009160747754526114,True
pod_s,S3,B3,13082.5,14857.5,0.0001806347208075351,0.009160747754526114,True
pod_s,S3,B4,11990.0,14857.5,0.00018165114609146497,0.009160747754526114,True
pod_s,S3,B5,12055.0,14857.5,0.0001806347208075351,0.009160747754526114,True
pod_s,S3,B6,10925.0,14857.5,0.0001806347208075351,0.009160747754526114,True
pod_s,S3,B7,12135.0,14857.5,0.00018165114609146497,0.009160747754526114,True
pod_s,S4,A1,19800.0,19252.5,0.008860740608615381,0.20379703399815377,False
pod_s,S4,A2,18877.5,19252.5,0.1985957586332152,1.0,False
pod_s,S4,A4,15490.0,19252.5,0.00018267179110955002,0.009160747754526114,True
pod_s,S4,B1,18092.5,19252.5,0.0004374549211627663,0.013123647634882989,True
pod_s,S4,B2,17912.5,19252.5,0.00021101981687501444,0.009160747754526114,True
pod_s,S4,B3,16995.0,19252.5,0.00018267179110955002,0.009160747754526114,True
pod_s,S4,B4,18092.5,19252.5,0.0004374549211627663,0.013123647634882989,True
pod_s,S4,B5,18092.5,19252.5,0.0004374549211627663,0.013123647634882989,True
pod_s,S4,B6,15287.5,19252.5,0.00018267179110955002,0.009160747754526114,True
pod_s,S4,B7,15917.5,19252.5,0.00018267179110955002,0.009160747754526114,True
pod_s,S5,A1,25200.0,13350.0,0.0007545409681150701,0.020372606139106894,True
pod_s,S5,A2,13275.0,13350.0,0.9698045577720108,1.0,False
pod_s,S5,A4,9347.5,13350.0,0.014019277113959953,0.30842409650711894,False
pod_s,S5,B1,12557.5,13350.0,0.6775849579524755,1.0,False
pod_s,S5,B2,12747.5,13350.0,0.7337299956962472,1.0,False
pod_s,S5,B3,14040.0,13350.0,0.6231762238821174,1.0,False
pod_s,S5,B4,12557.5,13350.0,0.7053513720635047,1.0,False
pod_s,S5,B5,13020.0,13350.0,0.6775849579524755,1.0,False
pod_s,S5,B6,11630.0,13350.0,0.18587673236587576,1.0,False
pod_s,S5,B7,14117.5,13350.0,0.6775849579524755,1.0,False
pod_s,S5X,A1,45000.0,14797.5,0.0001806347208075351,0.009160747754526114,True
pod_s,S5X,A2,14902.5,14797.5,0.9697817710518929,1.0,False
pod_s,S5X,A4,9655.0,14797.5,0.00024612812790522973,0.009160747754526114,True
pod_s,S5X,B1,19182.5,14797.5,0.017257456083119765,0.3624065777455151,False
pod_s,S5X,B2,19647.5,14797.5,0.04515456962427901,0.8127822532370221,False
pod_s,S5X,B3,19845.0,14797.5,0.03763531378731424,0.7150709619589706,False
pod_s,S5X,B4,19092.5,14797.5,0.017257456083119765,0.3624065777455151,False
pod_s,S5X,B5,18512.5,14797.5,0.16197241048012612,1.0,False
pod_s,S5X,B6,17327.5,14797.5,0.18587673236587576,1.0,False
pod_s,S5X,B7,24195.0,14797.5,0.0022022199424970783,0.055055498562426954,False
p95,S1,A1,0.0200678109001818,0.0200678109001818,1.0,1.0,False
p95,S1,A2,0.0200678109001818,0.0200678109001818,1.0,1.0,False
p95,S1,A4,0.0200678109001818,0.0200678109001818,1.0,1.0,False
p95,S1,B1,0.0200678109001818,0.0200678109001818,1.0,1.0,False
p95,S1,B2,0.0200678109001818,0.0200678109001818,1.0,1.0,False
p95,S1,B3,0.0200678109001818,0.0200678109001818,1.0,1.0,False
p95,S1,B4,0.0200678109001818,0.0200678109001818,1.0,1.0,False
p95,S1,B5,0.0200678109001818,0.0200678109001818,1.0,1.0,False
p95,S1,B6,0.0200678109001818,0.0200678109001818,1.0,1.0,False
p95,S1,B7,0.0200678109001818,0.0200678109001818,1.0,1.0,False
p95,S2,A1,0.0200678109001818,0.0200678109001818,1.0,1.0,False
p95,S2,A2,0.0200678109001818,0.0200678109001818,1.0,1.0,False
p95,S2,A4,0.0200678109001818,0.0200678109001818,1.0,1.0,False
p95,S2,B1,0.0200678109001818,0.0200678109001818,1.0,1.0,False
p95,S2,B2,0.0200678109001818,0.0200678109001818,1.0,1.0,False
p95,S2,B3,0.0200678109001818,0.0200678109001818,1.0,1.0,False
p95,S2,B4,0.0200678109001818,0.0200678109001818,1.0,1.0,False
p95,S2,B5,0.0200678109001818,0.0200678109001818,1.0,1.0,False
p95,S2,B6,0.0200678109001818,0.0200678109001818,1.0,1.0,False
p95,S2,B7,0.0200678109001818,0.0200678109001818,1.0,1.0,False
p95,S3,A1,0.0200678109001818,2.0417379446695296,1.5937911688066244e-05,0.0009562747012839747,True
p95,S3,A2,2.0417379446695296,2.0417379446695296,0.36812025069351895,1.0,False
p95,S3,A4,2.0417379446695296,2.0417379446695296,1.0,1.0,False
p95,S3,B1,2.0417379446695296,2.0417379446695296,1.0,1.0,False
p95,S3,B2,2.0417379446695296,2.0417379446695296,1.0,1.0,False
p95,S3,B3,2.0417379446695296,2.0417379446695296,1.0,1.0,False
p95,S3,B4,2.0417379446695296,2.0417379446695296,1.0,1.0,False
p95,S3,B5,2.0417379446695296,2.0417379446695296,1.0,1.0,False
p95,S3,B6,2.0417379446695296,2.0417379446695296,1.0,1.0,False
p95,S3,B7,2.0417379446695296,2.0417379446695296,1.0,1.0,False
p95,S4,A1,0.0200678109001818,1.2941481502568823,6.340287417294021e-05,0.003613963827857592,True
p95,S4,A2,1.7463049449353791,1.2941481502568823,0.027950121627237538,1.0,False
p95,S4,A4,0.18740850888367122,1.2941481502568823,0.005722030191733962,0.28037947939496416,False
p95,S4,B1,0.0200678109001818,1.2941481502568823,6.340287417294021e-05,0.003613963827857592,True
p95,S4,B2,0.0200678109001818,1.2941481502568823,6.340287417294021e-05,0.003613963827857592,True
p95,S4,B3,0.0200678109001818,1.2941481502568823,0.00014851370472994207,0.007722712645956987,True
p95,S4,B4,0.022422261554709548,1.2941481502568823,0.00017561553104590864,0.008956392083341341,True
p95,S4,B5,0.0200678109001818,1.2941481502568823,6.340287417294021e-05,0.003613963827857592,True
p95,S4,B6,0.0275560922445931,1.2941481502568823,0.0001806347208075351,0.009031736040376754,True
p95,S4,B7,0.0200678109001818,1.2941481502568823,0.00013092946782056853,0.006939261794490132,True
p95,S5,A1,0.0200678109001818,2.0417379446695296,4.1385417622523095e-05,0.0024003542221063393,True
p95,S5,A2,2.0417379446695296,2.0417379446695296,1.0,1.0,False
p95,S5,A4,2.0417379446695296,2.0417379446695296,0.8814592181823938,1.0,False
p95,S5,B1,2.0417379446695296,2.0417379446695296,0.1356971285507249,1.0,False
p95,S5,B2,2.0417379446695296,2.0417379446695296,0.08353660880198063,1.0,False
p95,S5,B3,2.0417379446695296,2.0417379446695296,0.08353660880198063,1.0,False
p95,S5,B4,2.0417379446695296,2.0417379446695296,0.1356971285507249,1.0,False
p95,S5,B5,2.0417379446695296,2.0417379446695296,0.1356971285507249,1.0,False
p95,S5,B6,2.0417379446695296,2.0417379446695296,0.25293452774957015,1.0,False
p95,S5,B7,2.0417379446695296,2.0417379446695296,0.38664702728431366,1.0,False
p95,S5X,A1,0.0200678109001818,2.0417379446695296,1.5937911688066244e-05,0.0009562747012839747,True
p95,S5X,A2,2.0417379446695296,2.0417379446695296,1.0,1.0,False
p95,S5X,A4,2.0417379446695296,2.0417379446695296,0.03498309640812092,1.0,False
p95,S5X,B1,2.0417379446695296,2.0417379446695296,1.0,1.0,False
p95,S5X,B2,2.0417379446695296,2.0417379446695296,1.0,1.0,False
p95,S5X,B3,2.0417379446695296,2.0417379446695296,1.0,1.0,False
p95,S5X,B4,2.0417379446695296,2.0417379446695296,0.36812025069351895,1.0,False
p95,S5X,B5,2.0417379446695296,2.0417379446695296,1.0,1.0,False
p95,S5X,B6,2.0417379446695296,2.0417379446695296,1.0,1.0,False
p95,S5X,B7,2.0417379446695296,2.0417379446695296,0.36812025069351895,1.0,False
