ref,metric,profile,config,median_cfg,median_ref,p_raw,p_holm,signif
A3,err_rate,S1,A1,0.0,0.0,1.0,1.0,False
A3,err_rate,S1,A2,0.0,0.0,1.0,1.0,False
A3,err_rate,S1,A4,0.0,0.0,1.0,1.0,False
A3,err_rate,S1,A5,0.0,0.0,1.0,1.0,False
A3,err_rate,S1,A6,0.0,0.0,1.0,1.0,False
A3,err_rate,S1,B1,0.0,0.0,1.0,1.0,False
A3,err_rate,S1,B2,0.0,0.0,1.0,1.0,False
A3,err_rate,S1,B3,0.0,0.0,1.0,1.0,False
A3,err_rate,S1,B4,0.0,0.0,1.0,1.0,False
A3,err_rate,S1,B5,0.0,0.0,1.0,1.0,False
A3,err_rate,S1,B6,0.0,0.0,1.0,1.0,False
A3,err_rate,S1,B7,0.0,0.0,1.0,1.0,False
A3,err_rate,S1,B8,0.0,0.0,1.0,1.0,False
A3,err_rate,S1,B9,0.0,0.0,1.0,1.0,False
A3,err_rate,S1,B10,0.0,0.0,1.0,1.0,False
A3,err_rate,S1,B11,0.0,0.0,1.0,1.0,False
A3,err_rate,S2,A1,0.0,0.0,1.0,1.0,False
A3,err_rate,S2,A2,0.00015736894812145002,0.0,6.386444750436982e-05,0.00715281812048942,True
A3,err_rate,S2,A4,0.0,0.0,1.0,1.0,False
A3,err_rate,S2,A5,0.0,0.0,1.0,1.0,False
A3,err_rate,S2,A6,0.0,0.0,1.0,1.0,False
A3,err_rate,S2,B1,0.0,0.0,1.0,1.0,False
A3,err_rate,S2,B2,0.0,0.0,1.0,1.0,False
A3,err_rate,S2,B3,0.0,0.0,1.0,1.0,False
A3,err_rate,S2,B4,0.0,0.0,1.0,1.0,False
A3,err_rate,S2,B5,0.0,0.0,1.0,1.0,False
A3,err_rate,S2,B6,0.0,0.0,1.0,1.0,False
A3,err_rate,S2,B7,0.0,0.0,1.0,1.0,False
A3,err_rate,S2,B8,0.0,0.0,1.0,1.0,False
A3,err_rate,S2,B9,0.0,0.0,1.0,1.0,False
A3,err_rate,S2,B10,0.0,0.0,1.0,1.0,False
A3,err_rate,S2,B11,0.0,0.0,1.0,1.0,False
A3,err_rate,S3,A1,0.0,0.14323444628179555,6.386444750436982e-05,0.00715281812048942,True
A3,err_rate,S3,A2,0.14638016664923975,0.14323444628179555,0.4273553138978077,1.0,False
A3,err_rate,S3,A4,0.16162544421699088,0.14323444628179555,0.00032983852077799353,0.03001530539079741,True
A3,err_rate,S3,A5,0.06044843415328725,0.14323444628179555,0.00018267179110955002,0.018997866275393203,True
A3,err_rate,S3,A6,0.035342013966351254,0.14323444628179555,0.00018267179110955002,0.018997866275393203,True
A3,err_rate,S3,B1,0.0485042444589368,0.14323444628179555,0.00018267179110955002,0.018997866275393203,True
A3,err_rate,S3,B2,0.04799829356876645,0.14323444628179555,0.00018267179110955002,0.018997866275393203,True
A3,err_rate,S3,B3,0.04793727132590335,0.14323444628179555,0.00018267179110955002,0.018997866275393203,True
A3,err_rate,S3,B4,0.04680497439546305,0.14323444628179555,0.00018267179110955002,0.018997866275393203,True
A3,err_rate,S3,B5,0.0485042444589368,0.14323444628179555,0.00018267179110955002,0.018997866275393203,True
A3,err_rate,S3,B6,0.06115044464200245,0.14323444628179555,0.00018267179110955002,0.018997866275393203,True
A3,err_rate,S3,B7,0.05316351021392805,0.14323444628179555,0.00018267179110955002,0.018997866275393203,True
A3,err_rate,S3,B8,0.036450471821693003,0.14323444628179555,0.00018267179110955002,0.018997866275393203,True
A3,err_rate,S3,B9,0.04341128273610545,0.14323444628179555,0.00018267179110955002,0.018997866275393203,True
A3,err_rate,S3,B10,0.0351811875571086,0.14323444628179555,0.00018267179110955002,0.018997866275393203,True
A3,err_rate,S3,B11,0.036450471821693003,0.14323444628179555,0.00018267179110955002,0.018997866275393203,True
A3,err_rate,S4,A1,0.0,0.00370725644571605,6.386444750436982e-05,0.00715281812048942,True
A3,err_rate,S4,A2,0.00532242080794765,0.00370725644571605,0.025748080821108063,1.0,False
A3,err_rate,S4,A4,0.0004747944825742,0.00370725644571605,0.06362233260013418,1.0,False
A3,err_rate,S4,A5,0.0,0.00370725644571605,6.386444750436982e-05,0.00715281812048942,True
A3,err_rate,S4,A6,0.0,0.00370725644571605,6.386444750436982e-05,0.00715281812048942,True
A3,err_rate,S4,B1,7.025886488435e-05,0.00370725644571605,0.2694055995352045,1.0,False
A3,err_rate,S4,B2,0.0037495644513979,0.00370725644571605,0.6771264456476052,1.0,False
A3,err_rate,S4,B3,7.025886488435e-05,0.00370725644571605,0.2694055995352045,1.0,False
A3,err_rate,S4,B4,7.025886488435e-05,0.00370725644571605,0.2694055995352045,1.0,False
A3,err_rate,S4,B5,7.025886488435e-05,0.00370725644571605,0.2694055995352045,1.0,False
A3,err_rate,S4,B6,0.0037495644513979,0.00370725644571605,0.6771264456476052,1.0,False
A3,err_rate,S4,B7,0.0037495644513979,0.00370725644571605,0.6771264456476052,1.0,False
A3,err_rate,S4,B8,7.025886488435e-05,0.00370725644571605,0.2694055995352045,1.0,False
A3,err_rate,S4,B9,7.025886488435e-05,0.00370725644571605,0.2694055995352045,1.0,False
A3,err_rate,S4,B10,7.025886488435e-05,0.00370725644571605,0.2694055995352045,1.0,False
A3,err_rate,S4,B11,7.025886488435e-05,0.00370725644571605,0.2694055995352045,1.0,False
A3,err_rate,S5,A1,0.0,0.08824257248639335,6.386444750436982e-05,0.00715281812048942,True
A3,err_rate,S5,A2,0.0902360614468761,0.08824257248639335,0.7913367801006604,1.0,False
A3,err_rate,S5,A4,0.15750806592632693,0.08824257248639335,0.18587673236587576,1.0,False
A3,err_rate,S5,A5,0.02593628835913865,0.08824257248639335,0.04515456962427901,1.0,False
A3,err_rate,S5,A6,0.05509787160602665,0.08824257248639335,0.12122450301291662,1.0,False
A3,err_rate,S5,B1,0.0475481860736556,0.08824257248639335,0.08897301170181328,1.0,False
A3,err_rate,S5,B2,0.0455508954224883,0.08824257248639335,0.10410988966022681,1.0,False
A3,err_rate,S5,B3,0.0532291798638886,0.08824257248639335,0.07566157214388704,1.0,False
A3,err_rate,S5,B4,0.044958985857248446,0.08824257248639335,0.053902557169387175,1.0,False
A3,err_rate,S5,B5,0.0475481860736556,0.08824257248639335,0.07566157214388704,1.0,False
A3,err_rate,S5,B6,0.0691875485362264,0.08824257248639335,0.21229383619233155,1.0,False
A3,err_rate,S5,B7,0.0674224121679939,0.08824257248639335,0.27303633975118835,1.0,False
A3,err_rate,S5,B8,0.03882198057385175,0.08824257248639335,0.053902557169387175,1.0,False
A3,err_rate,S5,B9,0.048834638455534804,0.08824257248639335,0.07566157214388704,1.0,False
A3,err_rate,S5,B10,0.03689270361185145,0.08824257248639335,0.053902557169387175,1.0,False
A3,err_rate,S5,B11,0.03882198057385175,0.08824257248639335,0.031209012771740218,1.0,False
A3,err_rate,S6,A1,0.0,0.02008874751744605,6.386444750436982e-05,0.00715281812048942,True
A3,err_rate,S6,A2,0.0218686116069665,0.02008874751744605,0.6231762238821174,1.0,False
A3,err_rate,S6,A4,0.023926853363473402,0.02008874751744605,0.5707503880581739,1.0,False
A3,err_rate,S6,A5,0.0015384115041511,0.02008874751744605,0.005433831030135717,0.4836109616820788,False
A3,err_rate,S6,A6,0.00031535969665755,0.02008874751744605,0.0015724912910570087,0.14152421619513078,False
A3,err_rate,S6,B1,0.0018372596425959,0.02008874751744605,0.017090034751250798,1.0,False
A3,err_rate,S6,B2,0.00476498110074735,0.02008874751744605,0.031209012771740218,1.0,False
A3,err_rate,S6,B3,0.00502606840187385,0.02008874751744605,0.02552578419580386,1.0,False
A3,err_rate,S6,B4,0.0017084305903597,0.02008874751744605,0.017090034751250798,1.0,False
A3,err_rate,S6,B5,0.0018372596425959,0.02008874751744605,0.017090034751250798,1.0,False
A3,err_rate,S6,B6,0.01403386395415385,0.02008874751744605,0.4273553138978077,1.0,False
A3,err_rate,S6,B7,0.00638149961397285,0.02008874751744605,0.10410988966022681,1.0,False
A3,err_rate,S6,B8,0.0041948138713672495,0.02008874751744605,0.017215537462615806,1.0,False
A3,err_rate,S6,B9,0.00450586826600755,0.02008874751744605,0.025748080821108063,1.0,False
A3,err_rate,S6,B10,0.0037557462854484504,0.02008874751744605,0.014019277113959953,1.0,False
A3,err_rate,S6,B11,0.0041948138713672495,0.02008874751744605,0.017215537462615806,1.0,False
A3,err_rate,S5X,A1,0.0,0.1669126030523142,6.386444750436982e-05,0.00715281812048942,True
A3,err_rate,S5X,A2,0.16756259527439535,0.1669126030523142,0.8203966178058115,1.0,False
A3,err_rate,S5X,A4,0.2840138861332906,0.1669126030523142,0.00579535854433471,0.5099915519014544,False
A3,err_rate,S5X,A5,0.089424754330263,0.1669126030523142,0.0211339281291611,1.0,False
A3,err_rate,S5X,A6,0.10447038311728925,0.1669126030523142,0.12122450301291662,1.0,False
A3,err_rate,S5X,B1,0.12875185322902083,0.1669126030523142,0.10410988966022681,1.0,False
A3,err_rate,S5X,B2,0.13002531275242823,0.1669126030523142,0.4273553138978077,1.0,False
A3,err_rate,S5X,B3,0.1210133226434921,0.1669126030523142,0.18587673236587576,1.0,False
A3,err_rate,S5X,B4,0.1190068722623148,0.1669126030523142,0.07566157214388704,1.0,False
A3,err_rate,S5X,B5,0.11615742725524844,0.1669126030523142,0.24132159301718004,1.0,False
A3,err_rate,S5X,B6,0.1037851633669593,0.1669126030523142,0.24132159301718004,1.0,False
A3,err_rate,S5X,B7,0.11939689825746684,0.1669126030523142,0.24132159301718004,1.0,False
A3,err_rate,S5X,B8,0.14786924295707035,0.1669126030523142,0.4273553138978077,1.0,False
A3,err_rate,S5X,B9,0.1420127124163266,0.1669126030523142,0.5205228832757727,1.0,False
A3,err_rate,S5X,B10,0.14581844712366576,0.1669126030523142,0.3846730627355087,1.0,False
A3,err_rate,S5X,B11,0.10430303090050486,0.1669126030523142,0.08897301170181328,1.0,False
A3,slo_viol_s,S1,A1,0.0,0.0,1.0,1.0,False
A3,slo_viol_s,S1,A2,0.0,0.0,1.0,1.0,False
A3,slo_viol_s,S1,A4,0.0,0.0,0.16807831903497028,1.0,False
A3,slo_viol_s,S1,A5,0.0,0.0,1.0,1.0,False
A3,slo_viol_s,S1,A6,0.0,0.0,0.36812025069351895,1.0,False
A3,slo_viol_s,S1,B1,0.0,0.0,1.0,1.0,False
A3,slo_viol_s,S1,B2,0.0,0.0,0.03498309640812092,1.0,False
A3,slo_viol_s,S1,B3,0.0,0.0,1.0,1.0,False
A3,slo_viol_s,S1,B4,23.5,0.0,6.294387081562151e-05,0.0069985919375584755,True
A3,slo_viol_s,S1,B5,0.0,0.0,1.0,1.0,False
A3,slo_viol_s,S1,B6,0.0,0.0,0.03498309640812092,1.0,False
A3,slo_viol_s,S1,B7,0.0,0.0,0.03498309640812092,1.0,False
A3,slo_viol_s,S1,B8,0.0,0.0,1.0,1.0,False
A3,slo_viol_s,S1,B9,0.0,0.0,1.0,1.0,False
A3,slo_viol_s,S1,B10,10.5,0.0,6.248742801391496e-05,0.0069985919375584755,True
A3,slo_viol_s,S1,B11,0.0,0.0,1.0,1.0,False
A3,slo_viol_s,S2,A1,0.0,41.5,6.340287417294021e-05,0.0069985919375584755,True
A3,slo_viol_s,S2,A2,142.5,41.5,0.00018165114609146497,0.016124312822837748,True
A3,slo_viol_s,S2,A4,48.5,41.5,0.005558910271953328,0.2779455135976664,False
A3,slo_viol_s,S2,A5,9.0,41.5,0.00017561553104590864,0.016124312822837748,True
A3,slo_viol_s,S2,A6,6.5,41.5,0.0001806347208075351,0.016124312822837748,True
A3,slo_viol_s,S2,B1,0.0,41.5,6.340287417294021e-05,0.0069985919375584755,True
A3,slo_viol_s,S2,B2,0.0,41.5,6.340287417294021e-05,0.0069985919375584755,True
A3,slo_viol_s,S2,B3,0.0,41.5,6.340287417294021e-05,0.0069985919375584755,True
A3,slo_viol_s,S2,B4,33.0,41.5,0.002143450713482958,0.11360288781459676,False
A3,slo_viol_s,S2,B5,0.0,41.5,6.340287417294021e-05,0.0069985919375584755,True
A3,slo_viol_s,S2,B6,0.0,41.5,6.340287417294021e-05,0.0069985919375584755,True
A3,slo_viol_s,S2,B7,0.0,41.5,6.340287417294021e-05,0.0069985919375584755,True
A3,slo_viol_s,S2,B8,0.0,41.5,6.340287417294021e-05,0.0069985919375584755,True
A3,slo_viol_s,S2,B9,0.0,41.5,6.340287417294021e-05,0.0069985919375584755,True
A3,slo_viol_s,S2,B10,27.0,41.5,0.00037337541471748627,0.021655774053614203,True
A3,slo_viol_s,S2,B11,0.0,41.5,6.340287417294021e-05,0.0069985919375584755,True
A3,slo_viol_s,S3,A1,0.0,348.0,6.340287417294021e-05,0.0069985919375584755,True
A3,slo_viol_s,S3,A2,392.0,348.0,0.0001806347208075351,0.016124312822837748,True
A3,slo_viol_s,S3,A4,374.0,348.0,0.00020870775462435186,0.016124312822837748,True
A3,slo_viol_s,S3,A5,219.0,348.0,0.0001806347208075351,0.016124312822837748,True
A3,slo_viol_s,S3,A6,166.5,348.0,0.0001806347208075351,0.016124312822837748,True
A3,slo_viol_s,S3,B1,131.0,348.0,0.00017561553104590864,0.016124312822837748,True
A3,slo_viol_s,S3,B2,130.0,348.0,0.0001746242085521927,0.016124312822837748,True
A3,slo_viol_s,S3,B3,128.0,348.0,0.00017861448837368162,0.016124312822837748,True
A3,slo_viol_s,S3,B4,142.5,348.0,0.00017761066068896375,0.016124312822837748,True
A3,slo_viol_s,S3,B5,130.5,348.0,0.00016972960866144996,0.016124312822837748,True
A3,slo_viol_s,S3,B6,144.0,348.0,0.00017070029451986127,0.016124312822837748,True
A3,slo_viol_s,S3,B7,131.5,348.0,0.00017661101166893502,0.016124312822837748,True
A3,slo_viol_s,S3,B8,122.5,348.0,0.00017561553104590864,0.016124312822837748,True
A3,slo_viol_s,S3,B9,125.5,348.0,0.00017561553104590864,0.016124312822837748,True
A3,slo_viol_s,S3,B10,132.0,348.0,0.00017561553104590864,0.016124312822837748,True
A3,slo_viol_s,S3,B11,122.5,348.0,0.00017561553104590864,0.016124312822837748,True
A3,slo_viol_s,S4,A1,0.0,178.0,6.386444750436982e-05,0.0069985919375584755,True
A3,slo_viol_s,S4,A2,289.0,178.0,0.0001806347208075351,0.016124312822837748,True
A3,slo_viol_s,S4,A4,149.5,178.0,0.16197241048012612,1.0,False
A3,slo_viol_s,S4,A5,41.0,178.0,0.00018165114609146497,0.016124312822837748,True
A3,slo_viol_s,S4,A6,41.5,178.0,0.00017861448837368162,0.016124312822837748,True
A3,slo_viol_s,S4,B1,26.0,178.0,0.00017265399688226732,0.016124312822837748,True
A3,slo_viol_s,S4,B2,45.5,178.0,0.00017861448837368162,0.016124312822837748,True
A3,slo_viol_s,S4,B3,25.0,178.0,0.00017265399688226732,0.016124312822837748,True
A3,slo_viol_s,S4,B4,86.0,178.0,0.00018165114609146497,0.016124312822837748,True
A3,slo_viol_s,S4,B5,26.0,178.0,0.00017265399688226732,0.016124312822837748,True
A3,slo_viol_s,S4,B6,50.5,178.0,0.00017861448837368162,0.016124312822837748,True
A3,slo_viol_s,S4,B7,45.5,178.0,0.00017861448837368162,0.016124312822837748,True
A3,slo_viol_s,S4,B8,26.0,178.0,0.00017265399688226732,0.016124312822837748,True
A3,slo_viol_s,S4,B9,26.0,178.0,0.00017265399688226732,0.016124312822837748,True
A3,slo_viol_s,S4,B10,65.5,178.0,0.00018267179110955002,0.016124312822837748,True
A3,slo_viol_s,S4,B11,26.0,178.0,0.00017265399688226732,0.016124312822837748,True
A3,slo_viol_s,S5,A1,0.0,239.0,6.340287417294021e-05,0.0069985919375584755,True
A3,slo_viol_s,S5,A2,248.5,239.0,0.3844942826161789,1.0,False
A3,slo_viol_s,S5,A4,376.5,239.0,0.03756347188589839,1.0,False
A3,slo_viol_s,S5,A5,101.0,239.0,0.04499303387735437,1.0,False
A3,slo_viol_s,S5,A6,167.5,239.0,0.0639221346034546,1.0,False
A3,slo_viol_s,S5,B1,133.5,239.0,0.04919535351140386,1.0,False
A3,slo_viol_s,S5,B2,135.5,239.0,0.0639221346034546,1.0,False
A3,slo_viol_s,S5,B3,157.5,239.0,0.08186862373064437,1.0,False
A3,slo_viol_s,S5,B4,164.5,239.0,0.16165674027040877,1.0,False
A3,slo_viol_s,S5,B5,140.0,239.0,0.03415861782125119,1.0,False
A3,slo_viol_s,S5,B6,172.0,239.0,0.18571128044479945,1.0,False
A3,slo_viol_s,S5,B7,167.5,239.0,0.1506196715606302,1.0,False
A3,slo_viol_s,S5,B8,94.0,239.0,0.023186426696797886,1.0,False
A3,slo_viol_s,S5,B9,153.0,239.0,0.04507378631623227,1.0,False
A3,slo_viol_s,S5,B10,121.0,239.0,0.04483162202065601,1.0,False
A3,slo_viol_s,S5,B11,89.5,239.0,0.009082426667640772,0.42687405337911627,False
A3,slo_viol_s,S6,A1,0.0,150.0,6.386444750436982e-05,0.0069985919375584755,True
A3,slo_viol_s,S6,A2,253.5,150.0,0.011329696684474665,0.5211660474858346,False
A3,slo_viol_s,S6,A4,264.5,150.0,0.031209012771740218,1.0,False
A3,slo_viol_s,S6,A5,47.5,150.0,0.001292949653512362,0.06981928128966754,False
A3,slo_viol_s,S6,A6,55.5,150.0,0.00043963875262656454,0.02505940889971418,True
A3,slo_viol_s,S6,B1,51.0,150.0,0.00032983852077799353,0.020672398833668965,True
A3,slo_viol_s,S6,B2,44.0,150.0,0.0005828399431792743,0.03263903681803936,True
A3,slo_viol_s,S6,B3,68.0,150.0,0.0007685389131627665,0.04226964022395215,True
A3,slo_viol_s,S6,B4,98.0,150.0,0.008103113770135943,0.3970525747366612,False
A3,slo_viol_s,S6,B5,51.0,150.0,0.00032983852077799353,0.020672398833668965,True
A3,slo_viol_s,S6,B6,113.5,150.0,0.025636849634783028,1.0,False
A3,slo_viol_s,S6,B7,80.5,150.0,0.0021937635741237312,0.11407570585443402,False
A3,slo_viol_s,S6,B8,53.5,150.0,0.0003281333148201423,0.020672398833668965,True
A3,slo_viol_s,S6,B9,53.5,150.0,0.0003281333148201423,0.020672398833668965,True
A3,slo_viol_s,S6,B10,98.5,150.0,0.00812702465291022,0.3970525747366612,False
A3,slo_viol_s,S6,B11,53.5,150.0,0.00032983852077799353,0.020672398833668965,True
A3,slo_viol_s,S5X,A1,0.0,272.5,6.386444750436982e-05,0.0069985919375584755,True
A3,slo_viol_s,S5X,A2,291.5,272.5,0.4723423874468554,1.0,False
A3,slo_viol_s,S5X,A4,396.5,272.5,0.0036105143123296027,0.18413622992880974,False
A3,slo_viol_s,S5X,A5,179.5,272.5,0.04515456962427901,1.0,False
A3,slo_viol_s,S5X,A6,232.0,272.5,0.4055023001299908,1.0,False
A3,slo_viol_s,S5X,B1,205.0,272.5,0.16197241048012612,1.0,False
A3,slo_viol_s,S5X,B2,227.5,272.5,0.27303633975118835,1.0,False
A3,slo_viol_s,S5X,B3,212.5,272.5,0.1403158334701604,1.0,False
A3,slo_viol_s,S5X,B4,179.5,272.5,0.18587673236587576,1.0,False
A3,slo_viol_s,S5X,B5,227.5,272.5,0.3447042220069576,1.0,False
A3,slo_viol_s,S5X,B6,204.0,272.5,0.14046504815835495,1.0,False
A3,slo_viol_s,S5X,B7,200.0,272.5,0.10384958179697429,1.0,False
A3,slo_viol_s,S5X,B8,237.5,272.5,0.3447042220069576,1.0,False
A3,slo_viol_s,S5X,B9,237.5,272.5,0.4961297149428171,1.0,False
A3,slo_viol_s,S5X,B10,242.0,272.5,0.6231762238821174,1.0,False
A3,slo_viol_s,S5X,B11,215.5,272.5,0.12122450301291662,1.0,False
A3,pod_s,S1,A1,9000.0,9000.0,1.0,1.0,False
A3,pod_s,S1,A2,9000.0,9000.0,1.0,1.0,False
A3,pod_s,S1,A4,9000.0,9000.0,1.0,1.0,False
A3,pod_s,S1,A5,10860.0,9000.0,5.9363235094083226e-05,0.006589319095443238,True
A3,pod_s,S1,A6,12375.0,9000.0,6.386444750436982e-05,0.006923825789718367,True
A3,pod_s,S1,B1,10237.5,9000.0,6.340287417294021e-05,0.006923825789718367,True
A3,pod_s,S1,B2,9827.5,9000.0,6.386444750436982e-05,0.006923825789718367,True
A3,pod_s,S1,B3,10507.5,9000.0,6.386444750436982e-05,0.006923825789718367,True
A3,pod_s,S1,B4,10237.5,9000.0,6.340287417294021e-05,0.006923825789718367,True
A3,pod_s,S1,B5,10237.5,9000.0,6.340287417294021e-05,0.006923825789718367,True
A3,pod_s,S1,B6,8980.0,9000.0,4.1385417622523095e-05,0.0046351667737225865,True
A3,pod_s,S1,B7,9152.5,9000.0,6.294387081562151e-05,0.006923825789718367,True
A3,pod_s,S1,B8,9162.5,9000.0,0.017139382862378393,0.6855753144951358,False
A3,pod_s,S1,B9,9227.5,9000.0,6.386444750436982e-05,0.006923825789718367,True
A3,pod_s,S1,B10,9162.5,9000.0,0.017139382862378393,0.6855753144951358,False
A3,pod_s,S1,B11,9162.5,9000.0,0.017139382862378393,0.6855753144951358,False
A3,pod_s,S2,A1,23400.0,17107.5,8.627860458731718e-05,0.008714139063319035,True
A3,pod_s,S2,A2,17070.0,17107.5,1.0,1.0,False
A3,pod_s,S2,A4,16380.0,17107.5,0.0035852853678737984,0.18284955376156373,False
A3,pod_s,S2,A5,23617.5,17107.5,0.0001806347208075351,0.01796225049907081,True
A3,pod_s,S2,A6,23652.5,17107.5,0.0001806347208075351,0.01796225049907081,True
A3,pod_s,S2,B1,19307.5,17107.5,0.0001806347208075351,0.01796225049907081,True
A3,pod_s,S2,B2,18620.0,17107.5,0.0001806347208075351,0.01796225049907081,True
A3,pod_s,S2,B3,18902.5,17107.5,0.0001796225049907081,0.01796225049907081,True
A3,pod_s,S2,B4,19307.5,17107.5,0.0001806347208075351,0.01796225049907081,True
A3,pod_s,S2,B5,19307.5,17107.5,0.0001806347208075351,0.01796225049907081,True
A3,pod_s,S2,B6,16857.5,17107.5,0.3441594615512613,1.0,False
A3,pod_s,S2,B7,17820.0,17107.5,0.0001806347208075351,0.01796225049907081,True
A3,pod_s,S2,B8,18095.0,17107.5,0.0001806347208075351,0.01796225049907081,True
A3,pod_s,S2,B9,17645.0,17107.5,0.00024348671429732876,0.01796225049907081,True
A3,pod_s,S2,B10,18095.0,17107.5,0.0001806347208075351,0.01796225049907081,True
A3,pod_s,S2,B11,18095.0,17107.5,0.0001806347208075351,0.01796225049907081,True
A3,pod_s,S3,A1,18000.0,14857.5,6.340287417294021e-05,0.006923825789718367,True
A3,pod_s,S3,A2,14407.5,14857.5,0.0016925575686649332,0.09816833898256612,False
A3,pod_s,S3,A4,10035.0,14857.5,0.0001806347208075351,0.01796225049907081,True
A3,pod_s,S3,A5,26497.5,14857.5,0.00018165114609146497,0.01796225049907081,True
A3,pod_s,S3,A6,18972.5,14857.5,0.00018165114609146497,0.01796225049907081,True
A3,pod_s,S3,B1,12150.0,14857.5,0.00018165114609146497,0.01796225049907081,True
A3,pod_s,S3,B2,11962.5,14857.5,0.00018165114609146497,0.01796225049907081,True
A3,pod_s,S3,B3,12735.0,14857.5,0.00018165114609146497,0.01796225049907081,True
A3,pod_s,S3,B4,12150.0,14857.5,0.00018165114609146497,0.01796225049907081,True
A3,pod_s,S3,B5,12387.5,14857.5,0.0001806347208075351,0.01796225049907081,True
A3,pod_s,S3,B6,10915.0,14857.5,0.0001806347208075351,0.01796225049907081,True
A3,pod_s,S3,B7,12957.5,14857.5,0.00018165114609146497,0.01796225049907081,True
A3,pod_s,S3,B8,12065.0,14857.5,0.00018165114609146497,0.01796225049907081,True
A3,pod_s,S3,B9,11772.5,14857.5,0.0001806347208075351,0.01796225049907081,True
A3,pod_s,S3,B10,12065.0,14857.5,0.00018165114609146497,0.01796225049907081,True
A3,pod_s,S3,B11,12110.0,14857.5,0.0001806347208075351,0.01796225049907081,True
A3,pod_s,S4,A1,19800.0,19252.5,0.008860740608615381,0.40759406799630754,False
A3,pod_s,S4,A2,18877.5,19252.5,0.1985957586332152,1.0,False
A3,pod_s,S4,A4,15490.0,19252.5,0.00018267179110955002,0.01796225049907081,True
A3,pod_s,S4,A5,27112.5,19252.5,0.00018267179110955002,0.01796225049907081,True
A3,pod_s,S4,A6,22557.5,19252.5,0.00018267179110955002,0.01796225049907081,True
A3,pod_s,S4,B1,18345.0,19252.5,0.0017062493689195964,0.09816833898256612,False
A3,pod_s,S4,B2,18022.5,19252.5,0.00018267179110955002,0.01796225049907081,True
A3,pod_s,S4,B3,17037.5,19252.5,0.00018267179110955002,0.01796225049907081,True
A3,pod_s,S4,B4,18345.0,19252.5,0.0017062493689195964,0.09816833898256612,False
A3,pod_s,S4,B5,18345.0,19252.5,0.0017062493689195964,0.09816833898256612,False
A3,pod_s,S4,B6,15287.5,19252.5,0.00018267179110955002,0.01796225049907081,True
A3,pod_s,S4,B7,15917.5,19252.5,0.00018267179110955002,0.01796225049907081,True
A3,pod_s,S4,B8,17640.0,19252.5,0.00018165114609146497,0.01796225049907081,True
A3,pod_s,S4,B9,17512.5,19252.5,0.00018267179110955002,0.01796225049907081,True
A3,pod_s,S4,B10,17640.0,19252.5,0.00018165114609146497,0.01796225049907081,True
A3,pod_s,S4,B11,17640.0,19252.5,0.00018165114609146497,0.01796225049907081,True
A3,pod_s,S5,A1,25200.0,13350.0,0.0007545409681150701,0.04527245808690421,True
A3,pod_s,S5,A2,13275.0,13350.0,0.9698045577720108,1.0,False
A3,pod_s,S5,A4,9347.5,13350.0,0.014019277113959953,0.588809638786318,False
A3,pod_s,S5,A5,22177.5,13350.0,0.0028272720911168077,0.1498454208291908,False
A3,pod_s,S5,A6,18860.0,13350.0,0.009108496398030965,0.4098823379113934,False
A3,pod_s,S5,B1,12865.0,13350.0,0.8501067391385259,1.0,False
A3,pod_s,S5,B2,12865.0,13350.0,0.7913367801006604,1.0,False
A3,pod_s,S5,B3,13817.5,13350.0,0.7337299956962472,1.0,False
A3,pod_s,S5,B4,12865.0,13350.0,0.8501067391385259,1.0,False
A3,pod_s,S5,B5,13680.0,13350.0,0.9097218891455553,1.0,False
A3,pod_s,S5,B6,12000.0,13350.0,0.6231762238821174,1.0,False
A3,pod_s,S5,B7,13545.0,13350.0,0.9698499769931556,1.0,False
A3,pod_s,S5,B8,13952.5,13350.0,0.9397203669477441,1.0,False
A3,pod_s,S5,B9,13797.5,13350.0,0.9097218891455553,1.0,False
A3,pod_s,S5,B10,13952.5,13350.0,0.9397203669477441,1.0,False
A3,pod_s,S5,B11,14355.0,13350.0,0.6500246299061012,1.0,False
A3,pod_s,S6,A1,28800.0,19440.0,0.001298425630078433,0.07660711217462754,False
A3,pod_s,S6,A2,19110.0,19440.0,0.762282125586337,1.0,False
A3,pod_s,S6,A4,15580.0,19440.0,0.011329696684474665,0.4871769574324106,False
A3,pod_s,S6,A5,28095.0,19440.0,0.0022022199424970783,0.11891987689484222,False
A3,pod_s,S6,A6,23280.0,19440.0,0.017257456083119765,0.6855753144951358,False
A3,pod_s,S6,B1,18317.5,19440.0,0.7337299956962472,1.0,False
A3,pod_s,S6,B2,18765.0,19440.0,0.7913367801006604,1.0,False
A3,pod_s,S6,B3,16535.0,19440.0,0.08897301170181328,1.0,False
A3,pod_s,S6,B4,18317.5,19440.0,0.7337299956962472,1.0,False
A3,pod_s,S6,B5,18317.5,19440.0,0.7337299956962472,1.0,False
A3,pod_s,S6,B6,14600.0,19440.0,0.00728455700947966,0.342374179445544,False
A3,pod_s,S6,B7,16155.0,19440.0,0.04515456962427901,1.0,False
A3,pod_s,S6,B8,17500.0,19440.0,0.4273553138978077,1.0,False
A3,pod_s,S6,B9,16705.0,19440.0,0.18587673236587576,1.0,False
A3,pod_s,S6,B10,17500.0,19440.0,0.4273553138978077,1.0,False
A3,pod_s,S6,B11,17620.0,19440.0,0.4273553138978077,1.0,False
A3,pod_s,S5X,A1,45000.0,14797.5,0.0001806347208075351,0.01796225049907081,True
A3,pod_s,S5X,A2,14902.5,14797.5,0.9697817710518929,1.0,False
A3,pod_s,S5X,A4,9655.0,14797.5,0.00024612812790522973,0.01796225049907081,True
A3,pod_s,S5X,A5,25297.5,14797.5,0.00043963875262656454,0.026817963910220437,True
A3,pod_s,S5X,A6,22510.0,14797.5,0.0028272720911168077,0.1498454208291908,False
A3,pod_s,S5X,B1,21657.5,14797.5,0.00579535854433471,0.27817721012806607,False
A3,pod_s,S5X,B2,18705.0,14797.5,0.06402210128302689,1.0,False
A3,pod_s,S5X,B3,22610.0,14797.5,0.009108496398030965,0.4098823379113934,False
A3,pod_s,S5X,B4,22110.0,14797.5,0.004586392080253494,0.2293196040126747,False
A3,pod_s,S5X,B5,19142.5,14797.5,0.03763531378731424,1.0,False
A3,pod_s,S5X,B6,22077.5,14797.5,0.004586392080253494,0.2293196040126747,False
A3,pod_s,S5X,B7,22887.5,14797.5,0.017257456083119765,0.6855753144951358,False
A3,pod_s,S5X,B8,18880.0,14797.5,0.18587673236587576,1.0,False
A3,pod_s,S5X,B9,17090.0,14797.5,0.16197241048012612,1.0,False
A3,pod_s,S5X,B10,19082.5,14797.5,0.13042537721263486,1.0,False
A3,pod_s,S5X,B11,19785.0,14797.5,0.014019277113959953,0.588809638786318,False
A3,p95,S1,A1,0.0200678109001818,0.0200678109001818,1.0,1.0,False
A3,p95,S1,A2,0.0200678109001818,0.0200678109001818,1.0,1.0,False
A3,p95,S1,A4,0.0200678109001818,0.0200678109001818,1.0,1.0,False
A3,p95,S1,A5,0.0200678109001818,0.0200678109001818,1.0,1.0,False
A3,p95,S1,A6,0.0200678109001818,0.0200678109001818,1.0,1.0,False
A3,p95,S1,B1,0.0200678109001818,0.0200678109001818,1.0,1.0,False
A3,p95,S1,B2,0.0200678109001818,0.0200678109001818,1.0,1.0,False
A3,p95,S1,B3,0.0200678109001818,0.0200678109001818,1.0,1.0,False
A3,p95,S1,B4,0.0200678109001818,0.0200678109001818,1.0,1.0,False
A3,p95,S1,B5,0.0200678109001818,0.0200678109001818,1.0,1.0,False
A3,p95,S1,B6,0.0200678109001818,0.0200678109001818,1.0,1.0,False
A3,p95,S1,B7,0.0200678109001818,0.0200678109001818,1.0,1.0,False
A3,p95,S1,B8,0.0200678109001818,0.0200678109001818,1.0,1.0,False
A3,p95,S1,B9,0.0200678109001818,0.0200678109001818,1.0,1.0,False
A3,p95,S1,B10,0.0200678109001818,0.0200678109001818,1.0,1.0,False
A3,p95,S1,B11,0.0200678109001818,0.0200678109001818,1.0,1.0,False
A3,p95,S2,A1,0.0200678109001818,0.0200678109001818,1.0,1.0,False
A3,p95,S2,A2,0.0200678109001818,0.0200678109001818,1.0,1.0,False
A3,p95,S2,A4,0.0200678109001818,0.0200678109001818,1.0,1.0,False
A3,p95,S2,A5,0.0200678109001818,0.0200678109001818,1.0,1.0,False
A3,p95,S2,A6,0.0200678109001818,0.0200678109001818,1.0,1.0,False
A3,p95,S2,B1,0.0200678109001818,0.0200678109001818,1.0,1.0,False
A3,p95,S2,B2,0.0200678109001818,0.0200678109001818,1.0,1.0,False
A3,p95,S2,B3,0.0200678109001818,0.0200678109001818,1.0,1.0,False
A3,p95,S2,B4,0.0200678109001818,0.0200678109001818,1.0,1.0,False
A3,p95,S2,B5,0.0200678109001818,0.0200678109001818,1.0,1.0,False
A3,p95,S2,B6,0.0200678109001818,0.0200678109001818,1.0,1.0,False
A3,p95,S2,B7,0.0200678109001818,0.0200678109001818,1.0,1.0,False
A3,p95,S2,B8,0.0200678109001818,0.0200678109001818,1.0,1.0,False
A3,p95,S2,B9,0.0200678109001818,0.0200678109001818,1.0,1.0,False
A3,p95,S2,B10,0.0200678109001818,0.0200678109001818,1.0,1.0,False
A3,p95,S2,B11,0.0200678109001818,0.0200678109001818,1.0,1.0,False
A3,p95,S3,A1,0.0200678109001818,2.0417379446695296,1.5937911688066244e-05,0.0017850461090634193,True
A3,p95,S3,A2,2.0417379446695296,2.0417379446695296,0.36812025069351895,1.0,False
A3,p95,S3,A4,2.0417379446695296,2.0417379446695296,1.0,1.0,False
A3,p95,S3,A5,2.0417379446695296,2.0417379446695296,1.0,1.0,False
A3,p95,S3,A6,2.0417379446695296,2.0417379446695296,1.0,1.0,False
A3,p95,S3,B1,2.0417379446695296,2.0417379446695296,1.0,1.0,False
A3,p95,S3,B2,2.0417379446695296,2.0417379446695296,1.0,1.0,False
A3,p95,S3,B3,2.0417379446695296,2.0417379446695296,1.0,1.0,False
A3,p95,S3,B4,2.0417379446695296,2.0417379446695296,1.0,1.0,False
A3,p95,S3,B5,2.0417379446695296,2.0417379446695296,1.0,1.0,False
A3,p95,S3,B6,2.0417379446695296,2.0417379446695296,1.0,1.0,False
A3,p95,S3,B7,2.0417379446695296,2.0417379446695296,1.0,1.0,False
A3,p95,S3,B8,2.0417379446695296,2.0417379446695296,1.0,1.0,False
A3,p95,S3,B9,2.0417379446695296,2.0417379446695296,1.0,1.0,False
A3,p95,S3,B10,2.0417379446695296,2.0417379446695296,1.0,1.0,False
A3,p95,S3,B11,2.0417379446695296,2.0417379446695296,1.0,1.0,False
A3,p95,S4,A1,0.0200678109001818,1.2941481502568823,6.340287417294021e-05,0.0068475104106775425,True
A3,p95,S4,A2,1.7463049449353791,1.2941481502568823,0.027950121627237538,1.0,False
A3,p95,S4,A4,0.18740850888367122,1.2941481502568823,0.005722030191733962,0.49209459648912074,False
A3,p95,S4,A5,0.0200678109001818,1.2941481502568823,8.686273303412756e-05,0.009120586968583394,True
A3,p95,S4,A6,0.0200678109001818,1.2941481502568823,6.340287417294021e-05,0.0068475104106775425,True
A3,p95,S4,B1,0.0200678109001818,1.2941481502568823,8.686273303412756e-05,0.009120586968583394,True
A3,p95,S4,B2,0.0200678109001818,1.2941481502568823,6.340287417294021e-05,0.0068475104106775425,True
A3,p95,S4,B3,0.0200678109001818,1.2941481502568823,0.00014851370472994207,0.014554343063534323,True
A3,p95,S4,B4,0.02244473928549685,1.2941481502568823,0.00016780051625813787,0.016108849560781235,True
A3,p95,S4,B5,0.0200678109001818,1.2941481502568823,8.686273303412756e-05,0.009120586968583394,True
A3,p95,S4,B6,0.0275560922445931,1.2941481502568823,0.0001806347208075351,0.017160298476715834,True
A3,p95,S4,B7,0.0200678109001818,1.2941481502568823,0.00013092946782056853,0.012962017314236284,True
A3,p95,S4,B8,0.0200678109001818,1.2941481502568823,8.686273303412756e-05,0.009120586968583394,True
A3,p95,S4,B9,0.0200678109001818,1.2941481502568823,8.686273303412756e-05,0.009120586968583394,True
A3,p95,S4,B10,0.020723715897602052,1.2941481502568823,0.00016117654782723672,0.01563412513924196,True
A3,p95,S4,B11,0.0200678109001818,1.2941481502568823,8.686273303412756e-05,0.009120586968583394,True
A3,p95,S5,A1,0.0200678109001818,2.0417379446695296,4.1385417622523095e-05,0.004511010520855017,True
A3,p95,S5,A2,2.0417379446695296,2.0417379446695296,1.0,1.0,False
A3,p95,S5,A4,2.0417379446695296,2.0417379446695296,0.8814592181823938,1.0,False
A3,p95,S5,A5,1.9492366346501173,2.0417379446695296,0.06251618365988833,1.0,False
A3,p95,S5,A6,2.0417379446695296,2.0417379446695296,0.14673692678758668,1.0,False
A3,p95,S5,B1,2.0417379446695296,2.0417379446695296,0.08353660880198063,1.0,False
A3,p95,S5,B2,2.0417379446695296,2.0417379446695296,0.06887034853728721,1.0,False
A3,p95,S5,B3,2.0417379446695296,2.0417379446695296,0.1356971285507249,1.0,False
A3,p95,S5,B4,2.0417379446695296,2.0417379446695296,0.08353660880198063,1.0,False
A3,p95,S5,B5,2.0417379446695296,2.0417379446695296,0.08353660880198063,1.0,False
A3,p95,S5,B6,2.0417379446695296,2.0417379446695296,0.38664702728431366,1.0,False
A3,p95,S5,B7,2.0417379446695296,2.0417379446695296,0.38664702728431366,1.0,False
A3,p95,S5,B8,1.5435020477215433,2.0417379446695296,0.02275287388374262,1.0,False
A3,p95,S5,B9,2.0417379446695296,2.0417379446695296,0.08353660880198063,1.0,False
A3,p95,S5,B10,1.9492366346501173,2.0417379446695296,0.040492605651513386,1.0,False
A3,p95,S5,B11,1.5435020477215433,2.0417379446695296,0.02275287388374262,1.0,False
A3,p95,S6,A1,0.0200678109001818,2.0417379446695296,3.317673631035268e-05,0.0036494409941387946,True
A3,p95,S6,A2,2.0417379446695296,2.0417379446695296,0.5842485531772132,1.0,False
A3,p95,S6,A4,2.0417379446695296,2.0417379446695296,0.8815356492284376,1.0,False
A3,p95,S6,A5,0.04410700632594185,2.0417379446695296,0.002841962721997507,0.26146057042377063,False
A3,p95,S6,A6,0.0415879611782172,2.0417379446695296,0.0013224547467864999,0.12431074619793099,False
A3,p95,S6,B1,0.14468352433056525,2.0417379446695296,0.0038191693018160113,0.347544406465257,False
A3,p95,S6,B2,0.2165826247782575,2.0417379446695296,0.00174519712887336,0.16230333298522248,False
A3,p95,S6,B3,0.6662928442192793,2.0417379446695296,0.0038191693018160113,0.347544406465257,False
A3,p95,S6,B4,0.50410140751082,2.0417379446695296,0.0038191693018160113,0.347544406465257,False
A3,p95,S6,B5,0.14468352433056525,2.0417379446695296,0.0038191693018160113,0.347544406465257,False
A3,p95,S6,B6,1.3589580724459414,2.0417379446695296,0.05679730834763381,1.0,False
A3,p95,S6,B7,0.7070162802653879,2.0417379446695296,0.006252854935016197,0.5296704824100662,False
A3,p95,S6,B8,0.2691534803926915,2.0417379446695296,0.0062314174401184265,0.5296704824100662,False
A3,p95,S6,B9,0.2582474086807308,2.0417379446695296,0.004883274605813777,0.42484489070579856,False
A3,p95,S6,B10,0.48644749622455885,2.0417379446695296,0.006252854935016197,0.5296704824100662,False
A3,p95,S6,B11,0.2691534803926915,2.0417379446695296,0.0062314174401184265,0.5296704824100662,False
A3,p95,S5X,A1,0.0200678109001818,2.0417379446695296,1.5937911688066244e-05,0.0017850461090634193,True
A3,p95,S5X,A2,2.0417379446695296,2.0417379446695296,1.0,1.0,False
A3,p95,S5X,A4,2.0417379446695296,2.0417379446695296,0.03498309640812092,1.0,False
A3,p95,S5X,A5,2.0417379446695296,2.0417379446695296,1.0,1.0,False
A3,p95,S5X,A6,2.0417379446695296,2.0417379446695296,0.36812025069351895,1.0,False
A3,p95,S5X,B1,2.0417379446695296,2.0417379446695296,1.0,1.0,False
A3,p95,S5X,B2,2.0417379446695296,2.0417379446695296,1.0,1.0,False
A3,p95,S5X,B3,2.0417379446695296,2.0417379446695296,1.0,1.0,False
A3,p95,S5X,B4,2.0417379446695296,2.0417379446695296,0.36812025069351895,1.0,False
A3,p95,S5X,B5,2.0417379446695296,2.0417379446695296,1.0,1.0,False
A3,p95,S5X,B6,2.0417379446695296,2.0417379446695296,1.0,1.0,False
A3,p95,S5X,B7,2.0417379446695296,2.0417379446695296,0.36812025069351895,1.0,False
A3,p95,S5X,B8,2.0417379446695296,2.0417379446695296,1.0,1.0,False
A3,p95,S5X,B9,2.0417379446695296,2.0417379446695296,1.0,1.0,False
A3,p95,S5X,B10,2.0417379446695296,2.0417379446695296,1.0,1.0,False
A3,p95,S5X,B11,2.0417379446695296,2.0417379446695296,1.0,1.0,False
A6,err_rate,S1,A1,0.0,0.0,1.0,1.0,False
A6,err_rate,S1,A2,0.0,0.0,1.0,1.0,False
A6,err_rate,S1,A3,0.0,0.0,1.0,1.0,False
A6,err_rate,S1,A4,0.0,0.0,1.0,1.0,False
A6,err_rate,S1,A5,0.0,0.0,1.0,1.0,False
A6,err_rate,S1,B1,0.0,0.0,1.0,1.0,False
A6,err_rate,S1,B2,0.0,0.0,1.0,1.0,False
A6,err_rate,S1,B3,0.0,0.0,1.0,1.0,False
A6,err_rate,S1,B4,0.0,0.0,1.0,1.0,False
A6,err_rate,S1,B5,0.0,0.0,1.0,1.0,False
A6,err_rate,S1,B6,0.0,0.0,1.0,1.0,False
A6,err_rate,S1,B7,0.0,0.0,1.0,1.0,False
A6,err_rate,S1,B8,0.0,0.0,1.0,1.0,False
A6,err_rate,S1,B9,0.0,0.0,1.0,1.0,False
A6,err_rate,S1,B10,0.0,0.0,1.0,1.0,False
A6,err_rate,S1,B11,0.0,0.0,1.0,1.0,False
A6,err_rate,S2,A1,0.0,0.0,1.0,1.0,False
A6,err_rate,S2,A2,0.00015736894812145002,0.0,6.386444750436982e-05,0.00715281812048942,True
A6,err_rate,S2,A3,0.0,0.0,1.0,1.0,False
A6,err_rate,S2,A4,0.0,0.0,1.0,1.0,False
A6,err_rate,S2,A5,0.0,0.0,1.0,1.0,False
A6,err_rate,S2,B1,0.0,0.0,1.0,1.0,False
A6,err_rate,S2,B2,0.0,0.0,1.0,1.0,False
A6,err_rate,S2,B3,0.0,0.0,1.0,1.0,False
A6,err_rate,S2,B4,0.0,0.0,1.0,1.0,False
A6,err_rate,S2,B5,0.0,0.0,1.0,1.0,False
A6,err_rate,S2,B6,0.0,0.0,1.0,1.0,False
A6,err_rate,S2,B7,0.0,0.0,1.0,1.0,False
A6,err_rate,S2,B8,0.0,0.0,1.0,1.0,False
A6,err_rate,S2,B9,0.0,0.0,1.0,1.0,False
A6,err_rate,S2,B10,0.0,0.0,1.0,1.0,False
A6,err_rate,S2,B11,0.0,0.0,1.0,1.0,False
A6,err_rate,S3,A1,0.0,0.035342013966351254,6.386444750436982e-05,0.00715281812048942,True
A6,err_rate,S3,A2,0.14638016664923975,0.035342013966351254,0.00018267179110955002,0.01954588164872185,True
A6,err_rate,S3,A3,0.14323444628179555,0.035342013966351254,0.00018267179110955002,0.01954588164872185,True
A6,err_rate,S3,A4,0.16162544421699088,0.035342013966351254,0.00018267179110955002,0.01954588164872185,True
A6,err_rate,S3,A5,0.06044843415328725,0.035342013966351254,0.00018267179110955002,0.01954588164872185,True
A6,err_rate,S3,B1,0.0485042444589368,0.035342013966351254,0.00024612812790522973,0.02436668466261774,True
A6,err_rate,S3,B2,0.04799829356876645,0.035342013966351254,0.00032983852077799353,0.03199433651546537,True
A6,err_rate,S3,B3,0.04793727132590335,0.035342013966351254,0.00018267179110955002,0.01954588164872185,True
A6,err_rate,S3,B4,0.04680497439546305,0.035342013966351254,0.00032983852077799353,0.03199433651546537,True
A6,err_rate,S3,B5,0.0485042444589368,0.035342013966351254,0.00024612812790522973,0.02436668466261774,True
A6,err_rate,S3,B6,0.06115044464200245,0.035342013966351254,0.00018267179110955002,0.01954588164872185,True
A6,err_rate,S3,B7,0.05316351021392805,0.035342013966351254,0.00018267179110955002,0.01954588164872185,True
A6,err_rate,S3,B8,0.036450471821693003,0.035342013966351254,0.8501067391385259,1.0,False
A6,err_rate,S3,B9,0.04341128273610545,0.035342013966351254,0.0022022199424970783,0.20040201476723413,False
A6,err_rate,S3,B10,0.0351811875571086,0.035342013966351254,0.27303633975118835,1.0,False
A6,err_rate,S3,B11,0.036450471821693003,0.035342013966351254,0.8501067391385259,1.0,False
A6,err_rate,S4,A1,0.0,0.0,1.0,1.0,False
A6,err_rate,S4,A2,0.00532242080794765,0.0,6.386444750436982e-05,0.00715281812048942,True
A6,err_rate,S4,A3,0.00370725644571605,0.0,6.386444750436982e-05,0.00715281812048942,True
A6,err_rate,S4,A4,0.0004747944825742,0.0,0.0022125420307360353,0.20040201476723413,False
A6,err_rate,S4,A5,0.0,0.0,1.0,1.0,False
A6,err_rate,S4,B1,7.025886488435e-05,0.0,0.014931389578798809,1.0,False
A6,err_rate,S4,B2,0.0037495644513979,0.0,0.0022125420307360353,0.20040201476723413,False
A6,err_rate,S4,B3,7.025886488435e-05,0.0,0.014931389578798809,1.0,False
A6,err_rate,S4,B4,7.025886488435e-05,0.0,0.014931389578798809,1.0,False
A6,err_rate,S4,B5,7.025886488435e-05,0.0,0.014931389578798809,1.0,False
A6,err_rate,S4,B6,0.0037495644513979,0.0,0.0022125420307360353,0.20040201476723413,False
A6,err_rate,S4,B7,0.0037495644513979,0.0,0.0022125420307360353,0.20040201476723413,False
A6,err_rate,S4,B8,7.025886488435e-05,0.0,0.014931389578798809,1.0,False
A6,err_rate,S4,B9,7.025886488435e-05,0.0,0.014931389578798809,1.0,False
A6,err_rate,S4,B10,7.025886488435e-05,0.0,0.014931389578798809,1.0,False
A6,err_rate,S4,B11,7.025886488435e-05,0.0,0.014931389578798809,1.0,False
A6,err_rate,S5,A1,0.0,0.05509787160602665,0.00023124570864334055,0.023124570864334056,True
A6,err_rate,S5,A2,0.0902360614468761,0.05509787160602665,0.10410988966022681,1.0,False
A6,err_rate,S5,A3,0.08824257248639335,0.05509787160602665,0.12122450301291662,1.0,False
A6,err_rate,S5,A4,0.15750806592632693,0.05509787160602665,0.011329696684474665,0.9516945214958719,False
A6,err_rate,S5,A5,0.02593628835913865,0.05509787160602665,0.8797843010569926,1.0,False
A6,err_rate,S5,B1,0.0475481860736556,0.05509787160602665,0.8501067391385259,1.0,False
A6,err_rate,S5,B2,0.0455508954224883,0.05509787160602665,0.7913367801006604,1.0,False
A6,err_rate,S5,B3,0.0532291798638886,0.05509787160602665,0.9097218891455553,1.0,False
A6,err_rate,S5,B4,0.044958985857248446,0.05509787160602665,0.7337299956962472,1.0,False
A6,err_rate,S5,B5,0.0475481860736556,0.05509787160602665,0.7913367801006604,1.0,False
A6,err_rate,S5,B6,0.0691875485362264,0.05509787160602665,0.6231762238821174,1.0,False
A6,err_rate,S5,B7,0.0674224121679939,0.05509787160602665,0.47267559351158717,1.0,False
A6,err_rate,S5,B8,0.03882198057385175,0.05509787160602665,0.7913367801006604,1.0,False
A6,err_rate,S5,B9,0.048834638455534804,0.05509787160602665,0.9097218891455553,1.0,False
A6,err_rate,S5,B10,0.03689270361185145,0.05509787160602665,0.7337299956962472,1.0,False
A6,err_rate,S5,B11,0.03882198057385175,0.05509787160602665,0.47267559351158717,1.0,False
A6,err_rate,S6,A1,0.0,0.00031535969665755,0.014931389578798809,1.0,False
A6,err_rate,S6,A2,0.0218686116069665,0.00031535969665755,0.0012073859234108734,0.1134942768006221,False
A6,err_rate,S6,A3,0.02008874751744605,0.00031535969665755,0.0015724912910570087,0.1446691987772448,False
A6,err_rate,S6,A4,0.023926853363473402,0.00031535969665755,0.0012073859234108734,0.1134942768006221,False
A6,err_rate,S6,A5,0.0015384115041511,0.00031535969665755,0.7466381771902351,1.0,False
A6,err_rate,S6,B1,0.0018372596425959,0.00031535969665755,0.3099664750150539,1.0,False
A6,err_rate,S6,B2,0.00476498110074735,0.00031535969665755,0.03860191196700262,1.0,False
A6,err_rate,S6,B3,0.00502606840187385,0.00031535969665755,0.21144913020471334,1.0,False
A6,err_rate,S6,B4,0.0017084305903597,0.00031535969665755,0.3099664750150539,1.0,False
A6,err_rate,S6,B5,0.0018372596425959,0.00031535969665755,0.3099664750150539,1.0,False
A6,err_rate,S6,B6,0.01403386395415385,0.00031535969665755,0.006851951422094553,0.5892678223001315,False
A6,err_rate,S6,B7,0.00638149961397285,0.00031535969665755,0.010722346924839372,0.9113994886113467,False
A6,err_rate,S6,B8,0.0041948138713672495,0.00031535969665755,0.15304056816888234,1.0,False
A6,err_rate,S6,B9,0.00450586826600755,0.00031535969665755,0.07807351746510377,1.0,False
A6,err_rate,S6,B10,0.0037557462854484504,0.00031535969665755,0.10766887323916079,1.0,False
A6,err_rate,S6,B11,0.0041948138713672495,0.00031535969665755,0.15304056816888234,1.0,False
A6,err_rate,S5X,A1,0.0,0.10447038311728925,6.386444750436982e-05,0.00715281812048942,True
A6,err_rate,S5X,A2,0.16756259527439535,0.10447038311728925,0.12122450301291662,1.0,False
A6,err_rate,S5X,A3,0.1669126030523142,0.10447038311728925,0.12122450301291662,1.0,False
A6,err_rate,S5X,A4,0.2840138861332906,0.10447038311728925,0.0005828399431792743,0.05536979460203106,False
A6,err_rate,S5X,A5,0.089424754330263,0.10447038311728925,0.9097218891455553,1.0,False
A6,err_rate,S5X,B1,0.12875185322902083,0.10447038311728925,0.3447042220069576,1.0,False
A6,err_rate,S5X,B2,0.13002531275242823,0.10447038311728925,0.21229383619233155,1.0,False
A6,err_rate,S5X,B3,0.1210133226434921,0.10447038311728925,0.5205228832757727,1.0,False
A6,err_rate,S5X,B4,0.1190068722623148,0.10447038311728925,0.47267559351158717,1.0,False
A6,err_rate,S5X,B5,0.11615742725524844,0.10447038311728925,0.3447042220069576,1.0,False
A6,err_rate,S5X,B6,0.1037851633669593,0.10447038311728925,0.9097218891455553,1.0,False
A6,err_rate,S5X,B7,0.11939689825746684,0.10447038311728925,0.5205228832757727,1.0,False
A6,err_rate,S5X,B8,0.14786924295707035,0.10447038311728925,0.3074894566186813,1.0,False
A6,err_rate,S5X,B9,0.1420127124163266,0.10447038311728925,0.10410988966022681,1.0,False
A6,err_rate,S5X,B10,0.14581844712366576,0.10447038311728925,0.3074894566186813,1.0,False
A6,err_rate,S5X,B11,0.10430303090050486,0.10447038311728925,0.8501067391385259,1.0,False
A6,slo_viol_s,S1,A1,0.0,0.0,0.36812025069351895,1.0,False
A6,slo_viol_s,S1,A2,0.0,0.0,0.36812025069351895,1.0,False
A6,slo_viol_s,S1,A3,0.0,0.0,0.36812025069351895,1.0,False
A6,slo_viol_s,S1,A4,0.0,0.0,0.5036312588983317,1.0,False
A6,slo_viol_s,S1,A5,0.0,0.0,0.36812025069351895,1.0,False
A6,slo_viol_s,S1,B1,0.0,0.0,0.36812025069351895,1.0,False
A6,slo_viol_s,S1,B2,0.0,0.0,0.10116105881500473,1.0,False
A6,slo_viol_s,S1,B3,0.0,0.0,0.36812025069351895,1.0,False
A6,slo_viol_s,S1,B4,23.5,0.0,8.627860458731718e-05,0.008312654608689456,True
A6,slo_viol_s,S1,B5,0.0,0.0,0.36812025069351895,1.0,False
A6,slo_viol_s,S1,B6,0.0,0.0,0.10116105881500473,1.0,False
A6,slo_viol_s,S1,B7,0.0,0.0,0.10116105881500473,1.0,False
A6,slo_viol_s,S1,B8,0.0,0.0,0.36812025069351895,1.0,False
A6,slo_viol_s,S1,B9,0.0,0.0,0.36812025069351895,1.0,False
A6,slo_viol_s,S1,B10,10.5,0.0,8.56974701926748e-05,0.008312654608689456,True
A6,slo_viol_s,S1,B11,0.0,0.0,0.36812025069351895,1.0,False
A6,slo_viol_s,S2,A1,0.0,6.5,6.340287417294021e-05,0.007037719033196364,True
A6,slo_viol_s,S2,A2,142.5,6.5,0.00018165114609146497,0.01624005139535392,True
A6,slo_viol_s,S2,A3,41.5,6.5,0.0001806347208075351,0.01624005139535392,True
A6,slo_viol_s,S2,A4,48.5,6.5,0.0001796225049907081,0.01624005139535392,True
A6,slo_viol_s,S2,A5,9.0,6.5,0.062025981675165015,1.0,False
A6,slo_viol_s,S2,B1,0.0,6.5,6.340287417294021e-05,0.007037719033196364,True
A6,slo_viol_s,S2,B2,0.0,6.5,6.340287417294021e-05,0.007037719033196364,True
A6,slo_viol_s,S2,B3,0.0,6.5,6.340287417294021e-05,0.007037719033196364,True
A6,slo_viol_s,S2,B4,33.0,6.5,0.0001806347208075351,0.01624005139535392,True
A6,slo_viol_s,S2,B5,0.0,6.5,6.340287417294021e-05,0.007037719033196364,True
A6,slo_viol_s,S2,B6,0.0,6.5,6.340287417294021e-05,0.007037719033196364,True
A6,slo_viol_s,S2,B7,0.0,6.5,6.340287417294021e-05,0.007037719033196364,True
A6,slo_viol_s,S2,B8,0.0,6.5,6.340287417294021e-05,0.007037719033196364,True
A6,slo_viol_s,S2,B9,0.0,6.5,6.340287417294021e-05,0.007037719033196364,True
A6,slo_viol_s,S2,B10,27.0,6.5,0.0001796225049907081,0.01624005139535392,True
A6,slo_viol_s,S2,B11,0.0,6.5,6.340287417294021e-05,0.007037719033196364,True
A6,slo_viol_s,S3,A1,0.0,166.5,6.340287417294021e-05,0.007037719033196364,True
A6,slo_viol_s,S3,A2,392.0,166.5,0.0001806347208075351,0.01624005139535392,True
A6,slo_viol_s,S3,A3,348.0,166.5,0.0001806347208075351,0.01624005139535392,True
A6,slo_viol_s,S3,A4,374.0,166.5,0.0001806347208075351,0.01624005139535392,True
A6,slo_viol_s,S3,A5,219.0,166.5,0.0001806347208075351,0.01624005139535392,True
A6,slo_viol_s,S3,B1,131.0,166.5,0.0027551910893906305,0.19286337625734412,False
A6,slo_viol_s,S3,B2,130.0,166.5,0.0001746242085521927,0.01624005139535392,True
A6,slo_viol_s,S3,B3,128.0,166.5,0.0003230556926118561,0.02390612125327735,True
A6,slo_viol_s,S3,B4,142.5,166.5,0.002775670420071866,0.19286337625734412,False
A6,slo_viol_s,S3,B5,130.5,166.5,0.00016972960866144996,0.016124312822837748,True
A6,slo_viol_s,S3,B6,144.0,166.5,0.00017070029451986127,0.016124312822837748,True
A6,slo_viol_s,S3,B7,131.5,166.5,0.020843820995778223,1.0,False
A6,slo_viol_s,S3,B8,122.5,166.5,0.00017561553104590864,0.01624005139535392,True
A6,slo_viol_s,S3,B9,125.5,166.5,0.002143450713482958,0.15218500065729001,False
A6,slo_viol_s,S3,B10,132.0,166.5,0.00017561553104590864,0.01624005139535392,True
A6,slo_viol_s,S3,B11,122.5,166.5,0.00017561553104590864,0.01624005139535392,True
A6,slo_viol_s,S4,A1,0.0,41.5,6.203353636013878e-05,0.006947756072335543,True
A6,slo_viol_s,S4,A2,289.0,41.5,0.00017661101166893502,0.01624005139535392,True
A6,slo_viol_s,S4,A3,178.0,41.5,0.00017861448837368162,0.01624005139535392,True
A6,slo_viol_s,S4,A4,149.5,41.5,0.00017861448837368162,0.01624005139535392,True
A6,slo_viol_s,S4,A5,41.0,41.5,0.6218631587267847,1.0,False
A6,slo_viol_s,S4,B1,26.0,41.5,0.4699923731723571,1.0,False
A6,slo_viol_s,S4,B2,45.5,41.5,0.4256100315999112,1.0,False
A6,slo_viol_s,S4,B3,25.0,41.5,0.2688567262531305,1.0,False
A6,slo_viol_s,S4,B4,86.0,41.5,0.00017761066068896375,0.01624005139535392,True
A6,slo_viol_s,S4,B5,26.0,41.5,0.4699923731723571,1.0,False
A6,slo_viol_s,S4,B6,50.5,41.5,0.30566416796514506,1.0,False
A6,slo_viol_s,S4,B7,45.5,41.5,0.4710033068433538,1.0,False
A6,slo_viol_s,S4,B8,26.0,41.5,0.5179946183261219,1.0,False
A6,slo_viol_s,S4,B9,26.0,41.5,0.5430664517716248,1.0,False
A6,slo_viol_s,S4,B10,65.5,41.5,0.004495124841870175,0.29667823956343153,False
A6,slo_viol_s,S4,B11,26.0,41.5,0.5179946183261219,1.0,False
A6,slo_viol_s,S5,A1,0.0,167.5,6.386444750436982e-05,0.007037719033196364,True
A6,slo_viol_s,S5,A2,248.5,167.5,0.028306043228323398,1.0,False
A6,slo_viol_s,S5,A3,239.0,167.5,0.0639221346034546,1.0,False
A6,slo_viol_s,S5,A4,376.5,167.5,0.0028272720911168077,0.19286337625734412,False
A6,slo_viol_s,S5,A5,101.0,167.5,0.8204630988382954,1.0,False
A6,slo_viol_s,S5,B1,133.5,167.5,0.7337299956962472,1.0,False
A6,slo_viol_s,S5,B2,135.5,167.5,0.9397203669477441,1.0,False
A6,slo_viol_s,S5,B3,157.5,167.5,1.0,1.0,False
A6,slo_viol_s,S5,B4,164.5,167.5,0.5964249614572503,1.0,False
A6,slo_viol_s,S5,B5,140.0,167.5,0.6775849579524755,1.0,False
A6,slo_viol_s,S5,B6,172.0,167.5,0.5205228832757727,1.0,False
A6,slo_viol_s,S5,B7,167.5,167.5,0.6775849579524755,1.0,False
A6,slo_viol_s,S5,B8,94.0,167.5,0.42718148600680117,1.0,False
A6,slo_viol_s,S5,B9,153.0,167.5,0.8205295061094116,1.0,False
A6,slo_viol_s,S5,B10,121.0,167.5,0.8501067391385259,1.0,False
A6,slo_viol_s,S5,B11,89.5,167.5,0.16197241048012612,1.0,False
A6,slo_viol_s,S6,A1,0.0,55.5,6.386444750436982e-05,0.007037719033196364,True
A6,slo_viol_s,S6,A2,253.5,55.5,0.00018267179110955002,0.01624005139535392,True
A6,slo_viol_s,S6,A3,150.0,55.5,0.00043963875262656454,0.03209362894173921,True
A6,slo_viol_s,S6,A4,264.5,55.5,0.00018267179110955002,0.01624005139535392,True
A6,slo_viol_s,S6,A5,47.5,55.5,0.8796043615669001,1.0,False
A6,slo_viol_s,S6,B1,51.0,55.5,1.0,1.0,False
A6,slo_viol_s,S6,B2,44.0,55.5,0.9397203669477441,1.0,False
A6,slo_viol_s,S6,B3,68.0,55.5,0.4273553138978077,1.0,False
A6,slo_viol_s,S6,B4,98.0,55.5,0.01129895191826991,0.7231329227692742,False
A6,slo_viol_s,S6,B5,51.0,55.5,1.0,1.0,False
A6,slo_viol_s,S6,B6,113.5,55.5,0.004586392080253494,0.2981154852164771,False
A6,slo_viol_s,S6,B7,80.5,55.5,0.0755515855296866,1.0,False
A6,slo_viol_s,S6,B8,53.5,55.5,0.8204630988382954,1.0,False
A6,slo_viol_s,S6,B9,53.5,55.5,0.7912601064031788,1.0,False
A6,slo_viol_s,S6,B10,98.5,55.5,0.004058090877633739,0.27189208880146054,False
A6,slo_viol_s,S6,B11,53.5,55.5,0.8205295061094116,1.0,False
A6,slo_viol_s,S5X,A1,0.0,232.0,6.386444750436982e-05,0.007037719033196364,True
A6,slo_viol_s,S5X,A2,291.5,232.0,0.1985957586332152,1.0,False
A6,slo_viol_s,S5X,A3,272.5,232.0,0.4055023001299908,1.0,False
A6,slo_viol_s,S5X,A4,396.5,232.0,0.0005828399431792743,0.04196447590890775,True
A6,slo_viol_s,S5X,A5,179.5,232.0,0.07566157214388704,1.0,False
A6,slo_viol_s,S5X,B1,205.0,232.0,0.4273553138978077,1.0,False
A6,slo_viol_s,S5X,B2,227.5,232.0,0.9698499769931556,1.0,False
A6,slo_viol_s,S5X,B3,212.5,232.0,0.5198945163559368,1.0,False
A6,slo_viol_s,S5X,B4,179.5,232.0,0.5205228832757727,1.0,False
A6,slo_viol_s,S5X,B5,227.5,232.0,0.9698499769931556,1.0,False
A6,slo_viol_s,S5X,B6,204.0,232.0,0.4055023001299908,1.0,False
A6,slo_viol_s,S5X,B7,200.0,232.0,0.4273553138978077,1.0,False
A6,slo_viol_s,S5X,B8,237.5,232.0,0.8797843010569926,1.0,False
A6,slo_viol_s,S5X,B9,237.5,232.0,0.7913367801006604,1.0,False
A6,slo_viol_s,S5X,B10,242.0,232.0,0.7913367801006604,1.0,False
A6,slo_viol_s,S5X,B11,215.5,232.0,0.4961297149428171,1.0,False
A6,pod_s,S1,A1,9000.0,12375.0,6.386444750436982e-05,0.00715281812048942,True
A6,pod_s,S1,A2,9000.0,12375.0,6.386444750436982e-05,0.00715281812048942,True
A6,pod_s,S1,A3,9000.0,12375.0,6.386444750436982e-05,0.00715281812048942,True
A6,pod_s,S1,A4,9000.0,12375.0,0.00011067076459386204,0.011876639435866554,True
A6,pod_s,S1,A5,10860.0,12375.0,0.0007338722215433397,0.031556505526363604,True
A6,pod_s,S1,B1,10237.5,12375.0,0.00018165114609146497,0.018966645684791186,True
A6,pod_s,S1,B2,9827.5,12375.0,0.00018267179110955002,0.018966645684791186,True
A6,pod_s,S1,B3,10507.5,12375.0,0.00018267179110955002,0.018966645684791186,True
A6,pod_s,S1,B4,10237.5,12375.0,0.00018165114609146497,0.018966645684791186,True
A6,pod_s,S1,B5,10237.5,12375.0,0.00018165114609146497,0.018966645684791186,True
A6,pod_s,S1,B6,8980.0,12375.0,0.00013092946782056853,0.013878523588980264,True
A6,pod_s,S1,B7,9152.5,12375.0,0.0001806347208075351,0.018966645684791186,True
A6,pod_s,S1,B8,9162.5,12375.0,0.00018165114609146497,0.018966645684791186,True
A6,pod_s,S1,B9,9227.5,12375.0,0.00018267179110955002,0.018966645684791186,True
A6,pod_s,S1,B10,9162.5,12375.0,0.00018165114609146497,0.018966645684791186,True
A6,pod_s,S1,B11,9162.5,12375.0,0.00018165114609146497,0.018966645684791186,True
A6,pod_s,S2,A1,23400.0,23652.5,0.7814848987839662,1.0,False
A6,pod_s,S2,A2,17070.0,23652.5,0.0001806347208075351,0.018966645684791186,True
A6,pod_s,S2,A3,17107.5,23652.5,0.0001806347208075351,0.018966645684791186,True
A6,pod_s,S2,A4,16380.0,23652.5,0.00018267179110955002,0.018966645684791186,True
A6,pod_s,S2,A5,23617.5,23652.5,0.6500246299061012,1.0,False
A6,pod_s,S2,B1,19307.5,23652.5,0.00018267179110955002,0.018966645684791186,True
A6,pod_s,S2,B2,18620.0,23652.5,0.00018267179110955002,0.018966645684791186,True
A6,pod_s,S2,B3,18902.5,23652.5,0.00018165114609146497,0.018966645684791186,True
A6,pod_s,S2,B4,19307.5,23652.5,0.00018267179110955002,0.018966645684791186,True
A6,pod_s,S2,B5,19307.5,23652.5,0.00018267179110955002,0.018966645684791186,True
A6,pod_s,S2,B6,16857.5,23652.5,0.00018165114609146497,0.018966645684791186,True
A6,pod_s,S2,B7,17820.0,23652.5,0.00018267179110955002,0.018966645684791186,True
A6,pod_s,S2,B8,18095.0,23652.5,0.00018267179110955002,0.018966645684791186,True
A6,pod_s,S2,B9,17645.0,23652.5,0.00018267179110955002,0.018966645684791186,True
A6,pod_s,S2,B10,18095.0,23652.5,0.00018267179110955002,0.018966645684791186,True
A6,pod_s,S2,B11,18095.0,23652.5,0.00018267179110955002,0.018966645684791186,True
A6,pod_s,S3,A1,18000.0,18972.5,6.386444750436982e-05,0.00715281812048942,True
A6,pod_s,S3,A2,14407.5,18972.5,0.00018165114609146497,0.018966645684791186,True
A6,pod_s,S3,A3,14857.5,18972.5,0.00018165114609146497,0.018966645684791186,True
A6,pod_s,S3,A4,10035.0,18972.5,0.00018165114609146497,0.018966645684791186,True
A6,pod_s,S3,A5,26497.5,18972.5,0.00018267179110955002,0.018966645684791186,True
A6,pod_s,S3,B1,12150.0,18972.5,0.00018267179110955002,0.018966645684791186,True
A6,pod_s,S3,B2,11962.5,18972.5,0.00018267179110955002,0.018966645684791186,True
A6,pod_s,S3,B3,12735.0,18972.5,0.00018267179110955002,0.018966645684791186,True
A6,pod_s,S3,B4,12150.0,18972.5,0.00018267179110955002,0.018966645684791186,True
A6,pod_s,S3,B5,12387.5,18972.5,0.00018165114609146497,0.018966645684791186,True
A6,pod_s,S3,B6,10915.0,18972.5,0.00018165114609146497,0.018966645684791186,True
A6,pod_s,S3,B7,12957.5,18972.5,0.00018267179110955002,0.018966645684791186,True
A6,pod_s,S3,B8,12065.0,18972.5,0.00018267179110955002,0.018966645684791186,True
A6,pod_s,S3,B9,11772.5,18972.5,0.00018165114609146497,0.018966645684791186,True
A6,pod_s,S3,B10,12065.0,18972.5,0.00018267179110955002,0.018966645684791186,True
A6,pod_s,S3,B11,12110.0,18972.5,0.00018165114609146497,0.018966645684791186,True
A6,pod_s,S4,A1,19800.0,22557.5,0.00010996888366543106,0.011876639435866554,True
A6,pod_s,S4,A2,18877.5,22557.5,0.00018267179110955002,0.018966645684791186,True
A6,pod_s,S4,A3,19252.5,22557.5,0.00018267179110955002,0.018966645684791186,True
A6,pod_s,S4,A4,15490.0,22557.5,0.00018267179110955002,0.018966645684791186,True
A6,pod_s,S4,A5,27112.5,22557.5,0.00018267179110955002,0.018966645684791186,True
A6,pod_s,S4,B1,18345.0,22557.5,0.00018267179110955002,0.018966645684791186,True
A6,pod_s,S4,B2,18022.5,22557.5,0.00018267179110955002,0.018966645684791186,True
A6,pod_s,S4,B3,17037.5,22557.5,0.00018267179110955002,0.018966645684791186,True
A6,pod_s,S4,B4,18345.0,22557.5,0.00018267179110955002,0.018966645684791186,True
A6,pod_s,S4,B5,18345.0,22557.5,0.00018267179110955002,0.018966645684791186,True
A6,pod_s,S4,B6,15287.5,22557.5,0.00018267179110955002,0.018966645684791186,True
A6,pod_s,S4,B7,15917.5,22557.5,0.00018267179110955002,0.018966645684791186,True
A6,pod_s,S4,B8,17640.0,22557.5,0.00018165114609146497,0.018966645684791186,True
A6,pod_s,S4,B9,17512.5,22557.5,0.00018267179110955002,0.018966645684791186,True
A6,pod_s,S4,B10,17640.0,22557.5,0.00018165114609146497,0.018966645684791186,True
A6,pod_s,S4,B11,17640.0,22557.5,0.00018165114609146497,0.018966645684791186,True
A6,pod_s,S5,A1,25200.0,18860.0,0.020940353653959364,0.3559860121173092,False
A6,pod_s,S5,A2,13275.0,18860.0,0.00728455700947966,0.18939848224647116,False
A6,pod_s,S5,A3,13350.0,18860.0,0.009108496398030965,0.22771240995077413,False
A6,pod_s,S5,A4,9347.5,18860.0,0.00018267179110955002,0.018966645684791186,True
A6,pod_s,S5,A5,22177.5,18860.0,0.3074894566186813,1.0,False
A6,pod_s,S5,B1,12865.0,18860.0,0.0036105143123296027,0.11914697230687689,False
A6,pod_s,S5,B2,12865.0,18860.0,0.0036105143123296027,0.11914697230687689,False
A6,pod_s,S5,B3,13817.5,18860.0,0.011329696684474665,0.2492533270584426,False
A6,pod_s,S5,B4,12865.0,18860.0,0.0036105143123296027,0.11914697230687689,False
A6,pod_s,S5,B5,13680.0,18860.0,0.00579535854433471,0.17386075633004128,False
A6,pod_s,S5,B6,12000.0,18860.0,0.0028272720911168077,0.10178179528020508,False
A6,pod_s,S5,B7,13545.0,18860.0,0.00579535854433471,0.17386075633004128,False
A6,pod_s,S5,B8,13952.5,18860.0,0.009108496398030965,0.22771240995077413,False
A6,pod_s,S5,B9,13797.5,18860.0,0.00579535854433471,0.17386075633004128,False
A6,pod_s,S5,B10,13952.5,18860.0,0.009108496398030965,0.22771240995077413,False
A6,pod_s,S5,B11,14355.0,18860.0,0.011329696684474665,0.2492533270584426,False
A6,pod_s,S6,A1,28800.0,23280.0,0.04491231241098703,0.5838600613428314,False
A6,pod_s,S6,A2,19110.0,23280.0,0.011329696684474665,0.2492533270584426,False
A6,pod_s,S6,A3,19440.0,23280.0,0.017257456083119765,0.3106342094961558,False
A6,pod_s,S6,A4,15580.0,23280.0,0.00021101981687501444,0.018966645684791186,True
A6,pod_s,S6,A5,28095.0,23280.0,0.053902557169387175,0.646830686032646,False
A6,pod_s,S6,B1,18317.5,23280.0,0.0017062493689195964,0.06654372538786427,False
A6,pod_s,S6,B2,18765.0,23280.0,0.00579535854433471,0.17386075633004128,False
A6,pod_s,S6,B3,16535.0,23280.0,0.0005828399431792743,0.026810637386246616,True
A6,pod_s,S6,B4,18317.5,23280.0,0.0017062493689195964,0.06654372538786427,False
A6,pod_s,S6,B5,18317.5,23280.0,0.0017062493689195964,0.06654372538786427,False
A6,pod_s,S6,B6,14600.0,23280.0,0.00018267179110955002,0.018966645684791186,True
A6,pod_s,S6,B7,16155.0,23280.0,0.0005828399431792743,0.026810637386246616,True
A6,pod_s,S6,B8,17500.0,23280.0,0.0007685389131627665,0.03227863435283619,True
A6,pod_s,S6,B9,16705.0,23280.0,0.0005828399431792743,0.026810637386246616,True
A6,pod_s,S6,B10,17500.0,23280.0,0.0007685389131627665,0.03227863435283619,True
A6,pod_s,S6,B11,17620.0,23280.0,0.0007685389131627665,0.03227863435283619,True
A6,pod_s,S5X,A1,45000.0,22510.0,0.00024348671429732876,0.018966645684791186,True
A6,pod_s,S5X,A2,14902.5,22510.0,0.0028272720911168077,0.10178179528020508,False
A6,pod_s,S5X,A3,14797.5,22510.0,0.0028272720911168077,0.10178179528020508,False
A6,pod_s,S5X,A4,9655.0,22510.0,0.00018267179110955002,0.018966645684791186,True
A6,pod_s,S5X,A5,25297.5,22510.0,0.12122450301291662,1.0,False
A6,pod_s,S5X,B1,21657.5,22510.0,0.3447042220069576,1.0,False
A6,pod_s,S5X,B2,18705.0,22510.0,0.08897301170181328,0.978703128719946,False
A6,pod_s,S5X,B3,22610.0,22510.0,0.3447042220069576,1.0,False
A6,pod_s,S5X,B4,22110.0,22510.0,0.3846730627355087,1.0,False
A6,pod_s,S5X,B5,19142.5,22510.0,0.03763531378731424,0.5645297068097136,False
A6,pod_s,S5X,B6,22077.5,22510.0,0.5707503880581739,1.0,False
A6,pod_s,S5X,B7,22887.5,22510.0,1.0,1.0,False
A6,pod_s,S5X,B8,18880.0,22510.0,0.025748080821108063,0.411969293137729,False
A6,pod_s,S5X,B9,17090.0,22510.0,0.014019277113959953,0.2663662651652391,False
A6,pod_s,S5X,B10,19082.5,22510.0,0.03763531378731424,0.5645297068097136,False
A6,pod_s,S5X,B11,19785.0,22510.0,0.10410988966022681,1.0,False
A6,p95,S1,A1,0.0200678109001818,0.0200678109001818,1.0,1.0,False
A6,p95,S1,A2,0.0200678109001818,0.0200678109001818,1.0,1.0,False
A6,p95,S1,A3,0.0200678109001818,0.0200678109001818,1.0,1.0,False
A6,p95,S1,A4,0.0200678109001818,0.0200678109001818,1.0,1.0,False
A6,p95,S1,A5,0.0200678109001818,0.0200678109001818,1.0,1.0,False
A6,p95,S1,B1,0.0200678109001818,0.0200678109001818,1.0,1.0,False
A6,p95,S1,B2,0.0200678109001818,0.0200678109001818,1.0,1.0,False
A6,p95,S1,B3,0.0200678109001818,0.0200678109001818,1.0,1.0,False
A6,p95,S1,B4,0.0200678109001818,0.0200678109001818,1.0,1.0,False
A6,p95,S1,B5,0.0200678109001818,0.0200678109001818,1.0,1.0,False
A6,p95,S1,B6,0.0200678109001818,0.0200678109001818,1.0,1.0,False
A6,p95,S1,B7,0.0200678109001818,0.0200678109001818,1.0,1.0,False
A6,p95,S1,B8,0.0200678109001818,0.0200678109001818,1.0,1.0,False
A6,p95,S1,B9,0.0200678109001818,0.0200678109001818,1.0,1.0,False
A6,p95,S1,B10,0.0200678109001818,0.0200678109001818,1.0,1.0,False
A6,p95,S1,B11,0.0200678109001818,0.0200678109001818,1.0,1.0,False
A6,p95,S2,A1,0.0200678109001818,0.0200678109001818,1.0,1.0,False
A6,p95,S2,A2,0.0200678109001818,0.0200678109001818,1.0,1.0,False
A6,p95,S2,A3,0.0200678109001818,0.0200678109001818,1.0,1.0,False
A6,p95,S2,A4,0.0200678109001818,0.0200678109001818,1.0,1.0,False
A6,p95,S2,A5,0.0200678109001818,0.0200678109001818,1.0,1.0,False
A6,p95,S2,B1,0.0200678109001818,0.0200678109001818,1.0,1.0,False
A6,p95,S2,B2,0.0200678109001818,0.0200678109001818,1.0,1.0,False
A6,p95,S2,B3,0.0200678109001818,0.0200678109001818,1.0,1.0,False
A6,p95,S2,B4,0.0200678109001818,0.0200678109001818,1.0,1.0,False
A6,p95,S2,B5,0.0200678109001818,0.0200678109001818,1.0,1.0,False
A6,p95,S2,B6,0.0200678109001818,0.0200678109001818,1.0,1.0,False
A6,p95,S2,B7,0.0200678109001818,0.0200678109001818,1.0,1.0,False
A6,p95,S2,B8,0.0200678109001818,0.0200678109001818,1.0,1.0,False
A6,p95,S2,B9,0.0200678109001818,0.0200678109001818,1.0,1.0,False
A6,p95,S2,B10,0.0200678109001818,0.0200678109001818,1.0,1.0,False
A6,p95,S2,B11,0.0200678109001818,0.0200678109001818,1.0,1.0,False
A6,p95,S3,A1,0.0200678109001818,2.0417379446695296,1.5937911688066244e-05,0.0017850461090634193,True
A6,p95,S3,A2,2.0417379446695296,2.0417379446695296,0.36812025069351895,1.0,False
A6,p95,S3,A3,2.0417379446695296,2.0417379446695296,1.0,1.0,False
A6,p95,S3,A4,2.0417379446695296,2.0417379446695296,1.0,1.0,False
A6,p95,S3,A5,2.0417379446695296,2.0417379446695296,1.0,1.0,False
A6,p95,S3,B1,2.0417379446695296,2.0417379446695296,1.0,1.0,False
A6,p95,S3,B2,2.0417379446695296,2.0417379446695296,1.0,1.0,False
A6,p95,S3,B3,2.0417379446695296,2.0417379446695296,1.0,1.0,False
A6,p95,S3,B4,2.0417379446695296,2.0417379446695296,1.0,1.0,False
A6,p95,S3,B5,2.0417379446695296,2.0417379446695296,1.0,1.0,False
A6,p95,S3,B6,2.0417379446695296,2.0417379446695296,1.0,1.0,False
A6,p95,S3,B7,2.0417379446695296,2.0417379446695296,1.0,1.0,False
A6,p95,S3,B8,2.0417379446695296,2.0417379446695296,1.0,1.0,False
A6,p95,S3,B9,2.0417379446695296,2.0417379446695296,1.0,1.0,False
A6,p95,S3,B10,2.0417379446695296,2.0417379446695296,1.0,1.0,False
A6,p95,S3,B11,2.0417379446695296,2.0417379446695296,1.0,1.0,False
A6,p95,S4,A1,0.0200678109001818,0.0200678109001818,1.0,1.0,False
A6,p95,S4,A2,1.7463049449353791,0.0200678109001818,6.158218645749835e-05,0.00671245832386732,True
A6,p95,S4,A3,1.2941481502568823,0.0200678109001818,6.340287417294021e-05,0.0068475104106775425,True
A6,p95,S4,A4,0.18740850888367122,0.0200678109001818,6.386444750436982e-05,0.0068475104106775425,True
A6,p95,S4,A5,0.0200678109001818,0.0200678109001818,0.36812025069351895,1.0,False
A6,p95,S4,B1,0.0200678109001818,0.0200678109001818,0.36812025069351895,1.0,False
A6,p95,S4,B2,0.0200678109001818,0.0200678109001818,1.0,1.0,False
A6,p95,S4,B3,0.0200678109001818,0.0200678109001818,0.03498309640812092,1.0,False
A6,p95,S4,B4,0.02244473928549685,0.0200678109001818,0.005858054962094738,0.5858054962094738,False
A6,p95,S4,B5,0.0200678109001818,0.0200678109001818,0.36812025069351895,1.0,False
A6,p95,S4,B6,0.0275560922445931,0.0200678109001818,0.0007511794334780427,0.07887384051519448,False
A6,p95,S4,B7,0.0200678109001818,0.0200678109001818,0.07787247147704081,1.0,False
A6,p95,S4,B8,0.0200678109001818,0.0200678109001818,0.36812025069351895,1.0,False
A6,p95,S4,B9,0.0200678109001818,0.0200678109001818,0.36812025069351895,1.0,False
A6,p95,S4,B10,0.020723715897602052,0.0200678109001818,0.014866251445386792,1.0,False
A6,p95,S4,B11,0.0200678109001818,0.0200678109001818,0.36812025069351895,1.0,False
A6,p95,S5,A1,0.0200678109001818,2.0417379446695296,5.511059233578696e-05,0.006062165156936566,True
A6,p95,S5,A2,2.0417379446695296,2.0417379446695296,0.14673692678758668,1.0,False
A6,p95,S5,A3,2.0417379446695296,2.0417379446695296,0.14673692678758668,1.0,False
A6,p95,S5,A4,2.0417379446695296,2.0417379446695296,0.06237202866337058,1.0,False
A6,p95,S5,A5,1.9492366346501173,2.0417379446695296,0.7814848987839662,1.0,False
A6,p95,S5,B1,2.0417379446695296,2.0417379446695296,0.901221439813786,1.0,False
A6,p95,S5,B2,2.0417379446695296,2.0417379446695296,0.901221439813786,1.0,False
A6,p95,S5,B3,2.0417379446695296,2.0417379446695296,0.7328894310341492,1.0,False
A6,p95,S5,B4,2.0417379446695296,2.0417379446695296,0.9340241076488904,1.0,False
A6,p95,S5,B5,2.0417379446695296,2.0417379446695296,0.901221439813786,1.0,False
A6,p95,S5,B6,2.0417379446695296,2.0417379446695296,0.26341064302067985,1.0,False
A6,p95,S5,B7,2.0417379446695296,2.0417379446695296,0.26341064302067985,1.0,False
A6,p95,S5,B8,1.5435020477215433,2.0417379446695296,0.5520834137465396,1.0,False
A6,p95,S5,B9,2.0417379446695296,2.0417379446695296,0.9669986665066835,1.0,False
A6,p95,S5,B10,1.9492366346501173,2.0417379446695296,0.6863272996849878,1.0,False
A6,p95,S5,B11,1.5435020477215433,2.0417379446695296,0.5520834137465396,1.0,False
A6,p95,S6,A1,0.0200678109001818,0.0415879611782172,0.0007511794334780427,0.07887384051519448,False
A6,p95,S6,A2,2.0417379446695296,0.0415879611782172,0.0006894309172775646,0.07307967723142184,False
A6,p95,S6,A3,2.0417379446695296,0.0415879611782172,0.0013224547467864999,0.134890384172223,False
A6,p95,S6,A4,2.0417379446695296,0.0415879611782172,0.0007804883327281883,0.0803902982710034,False
A6,p95,S6,A5,0.04410700632594185,0.0415879611782172,0.9694218471277006,1.0,False
A6,p95,S6,B1,0.14468352433056525,0.0415879611782172,0.2719522794479482,1.0,False
A6,p95,S6,B2,0.2165826247782575,0.0415879611782172,0.5195794130314191,1.0,False
A6,p95,S6,B3,0.6662928442192793,0.0415879611782172,0.1853801433555199,1.0,False
A6,p95,S6,B4,0.50410140751082,0.0415879611782172,0.15031217685741693,1.0,False
A6,p95,S6,B5,0.14468352433056525,0.0415879611782172,0.2719522794479482,1.0,False
A6,p95,S6,B6,1.3589580724459414,0.0415879611782172,0.003906967122205976,0.3946036793428036,False
A6,p95,S6,B7,0.7070162802653879,0.0415879611782172,0.019019749488013174,1.0,False
A6,p95,S6,B8,0.2691534803926915,0.0415879611782172,0.10358920441921747,1.0,False
A6,p95,S6,B9,0.2582474086807308,0.0415879611782172,0.1504659512184748,1.0,False
A6,p95,S6,B10,0.48644749622455885,0.0415879611782172,0.06372225015502518,1.0,False
A6,p95,S6,B11,0.2691534803926915,0.0415879611782172,0.10358920441921747,1.0,False
A6,p95,S5X,A1,0.0200678109001818,2.0417379446695296,2.428174732475476e-05,0.0026952739530477785,True
A6,p95,S5X,A2,2.0417379446695296,2.0417379446695296,0.36812025069351895,1.0,False
A6,p95,S5X,A3,2.0417379446695296,2.0417379446695296,0.36812025069351895,1.0,False
A6,p95,S5X,A4,2.0417379446695296,2.0417379446695296,0.11169745471541268,1.0,False
A6,p95,S5X,A5,2.0417379446695296,2.0417379446695296,0.36812025069351895,1.0,False
A6,p95,S5X,B1,2.0417379446695296,2.0417379446695296,0.36812025069351895,1.0,False
A6,p95,S5X,B2,2.0417379446695296,2.0417379446695296,0.36812025069351895,1.0,False
A6,p95,S5X,B3,2.0417379446695296,2.0417379446695296,0.36812025069351895,1.0,False
A6,p95,S5X,B4,2.0417379446695296,2.0417379446695296,1.0,1.0,False
A6,p95,S5X,B5,2.0417379446695296,2.0417379446695296,0.36812025069351895,1.0,False
A6,p95,S5X,B6,2.0417379446695296,2.0417379446695296,0.36812025069351895,1.0,False
A6,p95,S5X,B7,2.0417379446695296,2.0417379446695296,0.19160110675259334,1.0,False
A6,p95,S5X,B8,2.0417379446695296,2.0417379446695296,0.36812025069351895,1.0,False
A6,p95,S5X,B9,2.0417379446695296,2.0417379446695296,0.36812025069351895,1.0,False
A6,p95,S5X,B10,2.0417379446695296,2.0417379446695296,0.36812025069351895,1.0,False
A6,p95,S5X,B11,2.0417379446695296,2.0417379446695296,0.36812025069351895,1.0,False
B6,err_rate,S1,A1,0.0,0.0,1.0,1.0,False
B6,err_rate,S1,A2,0.0,0.0,1.0,1.0,False
B6,err_rate,S1,A3,0.0,0.0,1.0,1.0,False
B6,err_rate,S1,A4,0.0,0.0,1.0,1.0,False
B6,err_rate,S1,A5,0.0,0.0,1.0,1.0,False
B6,err_rate,S1,A6,0.0,0.0,1.0,1.0,False
B6,err_rate,S1,B1,0.0,0.0,1.0,1.0,False
B6,err_rate,S1,B2,0.0,0.0,1.0,1.0,False
B6,err_rate,S1,B3,0.0,0.0,1.0,1.0,False
B6,err_rate,S1,B4,0.0,0.0,1.0,1.0,False
B6,err_rate,S1,B5,0.0,0.0,1.0,1.0,False
B6,err_rate,S1,B7,0.0,0.0,1.0,1.0,False
B6,err_rate,S1,B8,0.0,0.0,1.0,1.0,False
B6,err_rate,S1,B9,0.0,0.0,1.0,1.0,False
B6,err_rate,S1,B10,0.0,0.0,1.0,1.0,False
B6,err_rate,S1,B11,0.0,0.0,1.0,1.0,False
B6,err_rate,S2,A1,0.0,0.0,1.0,1.0,False
B6,err_rate,S2,A2,0.00015736894812145002,0.0,6.386444750436982e-05,0.00715281812048942,True
B6,err_rate,S2,A3,0.0,0.0,1.0,1.0,False
B6,err_rate,S2,A4,0.0,0.0,1.0,1.0,False
B6,err_rate,S2,A5,0.0,0.0,1.0,1.0,False
B6,err_rate,S2,A6,0.0,0.0,1.0,1.0,False
B6,err_rate,S2,B1,0.0,0.0,1.0,1.0,False
B6,err_rate,S2,B2,0.0,0.0,1.0,1.0,False
B6,err_rate,S2,B3,0.0,0.0,1.0,1.0,False
B6,err_rate,S2,B4,0.0,0.0,1.0,1.0,False
B6,err_rate,S2,B5,0.0,0.0,1.0,1.0,False
B6,err_rate,S2,B7,0.0,0.0,1.0,1.0,False
B6,err_rate,S2,B8,0.0,0.0,1.0,1.0,False
B6,err_rate,S2,B9,0.0,0.0,1.0,1.0,False
B6,err_rate,S2,B10,0.0,0.0,1.0,1.0,False
B6,err_rate,S2,B11,0.0,0.0,1.0,1.0,False
B6,err_rate,S3,A1,0.0,0.06115044464200245,6.386444750436982e-05,0.00715281812048942,True
B6,err_rate,S3,A2,0.14638016664923975,0.06115044464200245,0.00018267179110955002,0.01954588164872185,True
B6,err_rate,S3,A3,0.14323444628179555,0.06115044464200245,0.00018267179110955002,0.01954588164872185,True
B6,err_rate,S3,A4,0.16162544421699088,0.06115044464200245,0.00018267179110955002,0.01954588164872185,True
B6,err_rate,S3,A5,0.06044843415328725,0.06115044464200245,0.7337299956962472,1.0,False
B6,err_rate,S3,A6,0.035342013966351254,0.06115044464200245,0.00018267179110955002,0.01954588164872185,True
B6,err_rate,S3,B1,0.0485042444589368,0.06115044464200245,0.00018267179110955002,0.01954588164872185,True
B6,err_rate,S3,B2,0.04799829356876645,0.06115044464200245,0.00018267179110955002,0.01954588164872185,True
B6,err_rate,S3,B3,0.04793727132590335,0.06115044464200245,0.00018267179110955002,0.01954588164872185,True
B6,err_rate,S3,B4,0.04680497439546305,0.06115044464200245,0.00018267179110955002,0.01954588164872185,True
B6,err_rate,S3,B5,0.0485042444589368,0.06115044464200245,0.00018267179110955002,0.01954588164872185,True
B6,err_rate,S3,B7,0.05316351021392805,0.06115044464200245,0.00728455700947966,0.6483255738436897,False
B6,err_rate,S3,B8,0.036450471821693003,0.06115044464200245,0.00018267179110955002,0.01954588164872185,True
B6,err_rate,S3,B9,0.04341128273610545,0.06115044464200245,0.00018267179110955002,0.01954588164872185,True
B6,err_rate,S3,B10,0.0351811875571086,0.06115044464200245,0.00018267179110955002,0.01954588164872185,True
B6,err_rate,S3,B11,0.036450471821693003,0.06115044464200245,0.00018267179110955002,0.01954588164872185,True
B6,err_rate,S4,A1,0.0,0.0037495644513979,0.0022125420307360353,0.2057664088584513,False
B6,err_rate,S4,A2,0.00532242080794765,0.0037495644513979,0.7333439595749962,1.0,False
B6,err_rate,S4,A3,0.00370725644571605,0.0037495644513979,0.6771264456476052,1.0,False
B6,err_rate,S4,A4,0.0004747944825742,0.0037495644513979,0.14551855657456617,1.0,False
B6,err_rate,S4,A5,0.0,0.0037495644513979,0.0022125420307360353,0.2057664088584513,False
B6,err_rate,S4,A6,0.0,0.0037495644513979,0.0022125420307360353,0.2057664088584513,False
B6,err_rate,S4,B1,7.025886488435e-05,0.0037495644513979,0.2742218143700681,1.0,False
B6,err_rate,S4,B2,0.0037495644513979,0.0037495644513979,0.9693863292168167,1.0,False
B6,err_rate,S4,B3,7.025886488435e-05,0.0037495644513979,0.2742218143700681,1.0,False
B6,err_rate,S4,B4,7.025886488435e-05,0.0037495644513979,0.2742218143700681,1.0,False
B6,err_rate,S4,B5,7.025886488435e-05,0.0037495644513979,0.2742218143700681,1.0,False
B6,err_rate,S4,B7,0.0037495644513979,0.0037495644513979,1.0,1.0,False
B6,err_rate,S4,B8,7.025886488435e-05,0.0037495644513979,0.2742218143700681,1.0,False
B6,err_rate,S4,B9,7.025886488435e-05,0.0037495644513979,0.2742218143700681,1.0,False
B6,err_rate,S4,B10,7.025886488435e-05,0.0037495644513979,0.2742218143700681,1.0,False
B6,err_rate,S4,B11,7.025886488435e-05,0.0037495644513979,0.2742218143700681,1.0,False
B6,err_rate,S5,A1,0.0,0.0691875485362264,6.386444750436982e-05,0.00715281812048942,True
B6,err_rate,S5,A2,0.0902360614468761,0.0691875485362264,0.21229383619233155,1.0,False
B6,err_rate,S5,A3,0.08824257248639335,0.0691875485362264,0.21229383619233155,1.0,False
B6,err_rate,S5,A4,0.15750806592632693,0.0691875485362264,0.017257456083119765,1.0,False
B6,err_rate,S5,A5,0.02593628835913865,0.0691875485362264,0.27303633975118835,1.0,False
B6,err_rate,S5,A6,0.05509787160602665,0.0691875485362264,0.6231762238821174,1.0,False
B6,err_rate,S5,B1,0.0475481860736556,0.0691875485362264,0.24132159301718004,1.0,False
B6,err_rate,S5,B2,0.0455508954224883,0.0691875485362264,0.6775849579524755,1.0,False
B6,err_rate,S5,B3,0.0532291798638886,0.0691875485362264,0.47267559351158717,1.0,False
B6,err_rate,S5,B4,0.044958985857248446,0.0691875485362264,0.18587673236587576,1.0,False
B6,err_rate,S5,B5,0.0475481860736556,0.0691875485362264,0.18587673236587576,1.0,False
B6,err_rate,S5,B7,0.0674224121679939,0.0691875485362264,0.9097218891455553,1.0,False
B6,err_rate,S5,B8,0.03882198057385175,0.0691875485362264,0.3074894566186813,1.0,False
B6,err_rate,S5,B9,0.048834638455534804,0.0691875485362264,0.3074894566186813,1.0,False
B6,err_rate,S5,B10,0.03689270361185145,0.0691875485362264,0.21229383619233155,1.0,False
B6,err_rate,S5,B11,0.03882198057385175,0.0691875485362264,0.10410988966022681,1.0,False
B6,err_rate,S6,A1,0.0,0.01403386395415385,6.386444750436982e-05,0.00715281812048942,True
B6,err_rate,S6,A2,0.0218686116069665,0.01403386395415385,0.3846730627355087,1.0,False
B6,err_rate,S6,A3,0.02008874751744605,0.01403386395415385,0.4273553138978077,1.0,False
B6,err_rate,S6,A4,0.023926853363473402,0.01403386395415385,0.14046504815835495,1.0,False
B6,err_rate,S6,A5,0.0015384115041511,0.01403386395415385,0.03620538824478055,1.0,False
B6,err_rate,S6,A6,0.00031535969665755,0.01403386395415385,0.006851951422094553,0.6166756279885098,False
B6,err_rate,S6,B1,0.0018372596425959,0.01403386395415385,0.06362233260013418,1.0,False
B6,err_rate,S6,B2,0.00476498110074735,0.01403386395415385,0.13042537721263486,1.0,False
B6,err_rate,S6,B3,0.00502606840187385,0.01403386395415385,0.1398679114797594,1.0,False
B6,err_rate,S6,B4,0.0017084305903597,0.01403386395415385,0.05354193923094535,1.0,False
B6,err_rate,S6,B5,0.0018372596425959,0.01403386395415385,0.06362233260013418,1.0,False
B6,err_rate,S6,B7,0.00638149961397285,0.01403386395415385,0.4055023001299908,1.0,False
B6,err_rate,S6,B8,0.0041948138713672495,0.01403386395415385,0.10397974445898675,1.0,False
B6,err_rate,S6,B9,0.00450586826600755,0.01403386395415385,0.16197241048012612,1.0,False
B6,err_rate,S6,B10,0.0037557462854484504,0.01403386395415385,0.06402210128302689,1.0,False
B6,err_rate,S6,B11,0.0041948138713672495,0.01403386395415385,0.10397974445898675,1.0,False
B6,err_rate,S5X,A1,0.0,0.1037851633669593,6.386444750436982e-05,0.00715281812048942,True
B6,err_rate,S5X,A2,0.16756259527439535,0.1037851633669593,0.21229383619233155,1.0,False
B6,err_rate,S5X,A3,0.1669126030523142,0.1037851633669593,0.24132159301718004,1.0,False
B6,err_rate,S5X,A4,0.2840138861332906,0.1037851633669593,0.0005828399431792743,0.054786954658851784,False
B6,err_rate,S5X,A5,0.089424754330263,0.1037851633669593,0.4273553138978077,1.0,False
B6,err_rate,S5X,A6,0.10447038311728925,0.1037851633669593,0.9097218891455553,1.0,False
B6,err_rate,S5X,B1,0.12875185322902083,0.1037851633669593,1.0,1.0,False
B6,err_rate,S5X,B2,0.13002531275242823,0.1037851633669593,0.3846730627355087,1.0,False
B6,err_rate,S5X,B3,0.1210133226434921,0.1037851633669593,0.9097218891455553,1.0,False
B6,err_rate,S5X,B4,0.1190068722623148,0.1037851633669593,0.9097218891455553,1.0,False
B6,err_rate,S5X,B5,0.11615742725524844,0.1037851633669593,0.7913367801006604,1.0,False
B6,err_rate,S5X,B7,0.11939689825746684,0.1037851633669593,0.8501067391385259,1.0,False
B6,err_rate,S5X,B8,0.14786924295707035,0.1037851633669593,0.4273553138978077,1.0,False
B6,err_rate,S5X,B9,0.1420127124163266,0.1037851633669593,0.21229383619233155,1.0,False
B6,err_rate,S5X,B10,0.14581844712366576,0.1037851633669593,0.47267559351158717,1.0,False
B6,err_rate,S5X,B11,0.10430303090050486,0.1037851633669593,0.8501067391385259,1.0,False
B6,slo_viol_s,S1,A1,0.0,0.0,0.03498309640812092,1.0,False
B6,slo_viol_s,S1,A2,0.0,0.0,0.03498309640812092,1.0,False
B6,slo_viol_s,S1,A3,0.0,0.0,0.03498309640812092,1.0,False
B6,slo_viol_s,S1,A4,0.0,0.0,0.3759553785047234,1.0,False
B6,slo_viol_s,S1,A5,0.0,0.0,0.03498309640812092,1.0,False
B6,slo_viol_s,S1,A6,0.0,0.0,0.10116105881500473,1.0,False
B6,slo_viol_s,S1,B1,0.0,0.0,0.03498309640812092,1.0,False
B6,slo_viol_s,S1,B2,0.0,0.0,1.0,1.0,False
B6,slo_viol_s,S1,B3,0.0,0.0,0.03498309640812092,1.0,False
B6,slo_viol_s,S1,B4,23.5,0.0,0.0021559763036343056,0.17032212798711013,False
B6,slo_viol_s,S1,B5,0.0,0.0,0.03498309640812092,1.0,False
B6,slo_viol_s,S1,B7,0.0,0.0,1.0,1.0,False
B6,slo_viol_s,S1,B8,0.0,0.0,0.03498309640812092,1.0,False
B6,slo_viol_s,S1,B9,0.0,0.0,0.03498309640812092,1.0,False
B6,slo_viol_s,S1,B10,10.5,0.0,0.00809504615814362,0.574748277228197,False
B6,slo_viol_s,S1,B11,0.0,0.0,0.03498309640812092,1.0,False
B6,slo_viol_s,S2,A1,0.0,0.0,1.0,1.0,False
B6,slo_viol_s,S2,A2,142.5,0.0,6.386444750436982e-05,0.006923825789718367,True
B6,slo_viol_s,S2,A3,41.5,0.0,6.340287417294021e-05,0.006923825789718367,True
B6,slo_viol_s,S2,A4,48.5,0.0,6.294387081562151e-05,0.006923825789718367,True
B6,slo_viol_s,S2,A5,9.0,0.0,6.113336892015162e-05,0.006785803950136829,True
B6,slo_viol_s,S2,A6,6.5,0.0,6.340287417294021e-05,0.006923825789718367,True
B6,slo_viol_s,S2,B1,0.0,0.0,1.0,1.0,False
B6,slo_viol_s,S2,B2,0.0,0.0,1.0,1.0,False
B6,slo_viol_s,S2,B3,0.0,0.0,1.0,1.0,False
B6,slo_viol_s,S2,B4,33.0,0.0,6.340287417294021e-05,0.006923825789718367,True
B6,slo_viol_s,S2,B5,0.0,0.0,1.0,1.0,False
B6,slo_viol_s,S2,B7,0.0,0.0,1.0,1.0,False
B6,slo_viol_s,S2,B8,0.0,0.0,1.0,1.0,False
B6,slo_viol_s,S2,B9,0.0,0.0,1.0,1.0,False
B6,slo_viol_s,S2,B10,27.0,0.0,6.294387081562151e-05,0.006923825789718367,True
B6,slo_viol_s,S2,B11,0.0,0.0,1.0,1.0,False
B6,slo_viol_s,S3,A1,0.0,144.0,5.892693898374605e-05,0.006599817166179557,True
B6,slo_viol_s,S3,A2,392.0,144.0,0.00017070029451986127,0.01649374219546905,True
B6,slo_viol_s,S3,A3,348.0,144.0,0.00017070029451986127,0.01649374219546905,True
B6,slo_viol_s,S3,A4,374.0,144.0,0.00017070029451986127,0.01649374219546905,True
B6,slo_viol_s,S3,A5,219.0,144.0,0.00017070029451986127,0.01649374219546905,True
B6,slo_viol_s,S3,A6,166.5,144.0,0.00017070029451986127,0.01649374219546905,True
B6,slo_viol_s,S3,B1,131.0,144.0,0.002654174494347836,0.2043714360647834,False
B6,slo_viol_s,S3,B2,130.0,144.0,0.0001649374219546905,0.01649374219546905,True
B6,slo_viol_s,S3,B3,128.0,144.0,0.0026842382334203467,0.2043714360647834,False
B6,slo_viol_s,S3,B4,142.5,144.0,0.21887488020856216,1.0,False
B6,slo_viol_s,S3,B5,130.5,144.0,0.00016024636533588243,0.016184882898924127,True
B6,slo_viol_s,S3,B7,131.5,144.0,0.024862907643024568,1.0,False
B6,slo_viol_s,S3,B8,122.5,144.0,0.00016588772783536032,0.01649374219546905,True
B6,slo_viol_s,S3,B9,125.5,144.0,0.002654174494347836,0.2043714360647834,False
B6,slo_viol_s,S3,B10,132.0,144.0,0.00016588772783536032,0.01649374219546905,True
B6,slo_viol_s,S3,B11,122.5,144.0,0.00016588772783536032,0.01649374219546905,True
B6,slo_viol_s,S4,A1,0.0,50.5,0.0022125420307360353,0.17257827839741074,False
B6,slo_viol_s,S4,A2,289.0,50.5,0.00017661101166893502,0.01649374219546905,True
B6,slo_viol_s,S4,A3,178.0,50.5,0.00017861448837368162,0.01649374219546905,True
B6,slo_viol_s,S4,A4,149.5,50.5,0.00017861448837368162,0.01649374219546905,True
B6,slo_viol_s,S4,A5,41.0,50.5,0.27213326199524046,1.0,False
B6,slo_viol_s,S4,A6,41.5,50.5,0.30566416796514506,1.0,False
B6,slo_viol_s,S4,B1,26.0,50.5,0.1890028712555758,1.0,False
B6,slo_viol_s,S4,B2,45.5,50.5,0.4662361360788386,1.0,False
B6,slo_viol_s,S4,B3,25.0,50.5,0.14208573169557723,1.0,False
B6,slo_viol_s,S4,B4,86.0,50.5,0.0018942945584748188,0.15154356467798552,False
B6,slo_viol_s,S4,B5,26.0,50.5,0.1890028712555758,1.0,False
B6,slo_viol_s,S4,B7,45.5,50.5,0.4662361360788386,1.0,False
B6,slo_viol_s,S4,B8,26.0,50.5,0.21635901562407112,1.0,False
B6,slo_viol_s,S4,B9,26.0,50.5,0.21635901562407112,1.0,False
B6,slo_viol_s,S4,B10,65.5,50.5,0.16102465710614677,1.0,False
B6,slo_viol_s,S4,B11,26.0,50.5,0.21635901562407112,1.0,False
B6,slo_viol_s,S5,A1,0.0,172.0,6.386444750436982e-05,0.006923825789718367,True
B6,slo_viol_s,S5,A2,248.5,172.0,0.14046504815835495,1.0,False
B6,slo_viol_s,S5,A3,239.0,172.0,0.18571128044479945,1.0,False
B6,slo_viol_s,S5,A4,376.5,172.0,0.0028272720911168077,0.20921813474264378,False
B6,slo_viol_s,S5,A5,101.0,172.0,0.17329374316974477,1.0,False
B6,slo_viol_s,S5,A6,167.5,172.0,0.5205228832757727,1.0,False
B6,slo_viol_s,S5,B1,133.5,172.0,0.12094463242998696,1.0,False
B6,slo_viol_s,S5,B2,135.5,172.0,0.3846730627355087,1.0,False
B6,slo_viol_s,S5,B3,157.5,172.0,0.3074894566186813,1.0,False
B6,slo_viol_s,S5,B4,164.5,172.0,0.30730753272470834,1.0,False
B6,slo_viol_s,S5,B5,140.0,172.0,0.14046504815835495,1.0,False
B6,slo_viol_s,S5,B7,167.5,172.0,0.5707503880581739,1.0,False
B6,slo_viol_s,S5,B8,94.0,172.0,0.08885290847904963,1.0,False
B6,slo_viol_s,S5,B9,153.0,172.0,0.27303633975118835,1.0,False
B6,slo_viol_s,S5,B10,121.0,172.0,0.3074894566186813,1.0,False
B6,slo_viol_s,S5,B11,89.5,172.0,0.04515456962427901,1.0,False
B6,slo_viol_s,S6,A1,0.0,113.5,6.386444750436982e-05,0.006923825789718367,True
B6,slo_viol_s,S6,A2,253.5,113.5,0.00018267179110955002,0.01649374219546905,True
B6,slo_viol_s,S6,A3,150.0,113.5,0.025636849634783028,1.0,False
B6,slo_viol_s,S6,A4,264.5,113.5,0.00032983852077799353,0.028366112786907444,True
B6,slo_viol_s,S6,A5,47.5,113.5,0.020940353653959364,1.0,False
B6,slo_viol_s,S6,A6,55.5,113.5,0.004586392080253494,0.33480662185850507,False
B6,slo_viol_s,S6,B1,51.0,113.5,0.0013149446697132139,0.1113009655205718,False
B6,slo_viol_s,S6,B2,44.0,113.5,0.004586392080253494,0.33480662185850507,False
B6,slo_viol_s,S6,B3,68.0,113.5,0.015525521661179775,1.0,False
B6,slo_viol_s,S6,B4,98.0,113.5,0.344522779098129,1.0,False
B6,slo_viol_s,S6,B5,51.0,113.5,0.0013149446697132139,0.1113009655205718,False
B6,slo_viol_s,S6,B7,80.5,113.5,0.0639221346034546,1.0,False
B6,slo_viol_s,S6,B8,53.5,113.5,0.001699394648926895,0.1393503612120054,False
B6,slo_viol_s,S6,B9,53.5,113.5,0.0013094231237714329,0.1113009655205718,False
B6,slo_viol_s,S6,B10,98.5,113.5,0.3255694067409992,1.0,False
B6,slo_viol_s,S6,B11,53.5,113.5,0.0017062493689195964,0.1393503612120054,False
B6,slo_viol_s,S5X,A1,0.0,204.0,6.386444750436982e-05,0.006923825789718367,True
B6,slo_viol_s,S5X,A2,291.5,204.0,0.07566157214388704,1.0,False
B6,slo_viol_s,S5X,A3,272.5,204.0,0.14046504815835495,1.0,False
B6,slo_viol_s,S5X,A4,396.5,204.0,0.00018267179110955002,0.01649374219546905,True
B6,slo_viol_s,S5X,A5,179.5,204.0,0.2726754751925152,1.0,False
B6,slo_viol_s,S5X,A6,232.0,204.0,0.4055023001299908,1.0,False
B6,slo_viol_s,S5X,B1,205.0,204.0,0.9698499769931556,1.0,False
B6,slo_viol_s,S5X,B2,227.5,204.0,0.3447042220069576,1.0,False
B6,slo_viol_s,S5X,B3,212.5,204.0,1.0,1.0,False
B6,slo_viol_s,S5X,B4,179.5,204.0,0.8501067391385259,1.0,False
B6,slo_viol_s,S5X,B5,227.5,204.0,0.5205228832757727,1.0,False
B6,slo_viol_s,S5X,B7,200.0,204.0,0.7913367801006604,1.0,False
B6,slo_viol_s,S5X,B8,237.5,204.0,0.3846730627355087,1.0,False
B6,slo_viol_s,S5X,B9,237.5,204.0,0.3846730627355087,1.0,False
B6,slo_viol_s,S5X,B10,242.0,204.0,0.25666036991585695,1.0,False
B6,slo_viol_s,S5X,B11,215.5,204.0,1.0,1.0,False
B6,pod_s,S1,A1,9000.0,8980.0,4.1385417622523095e-05,0.0046351667737225865,True
B6,pod_s,S1,A2,9000.0,8980.0,4.1385417622523095e-05,0.0046351667737225865,True
B6,pod_s,S1,A3,9000.0,8980.0,4.1385417622523095e-05,0.0046351667737225865,True
B6,pod_s,S1,A4,9000.0,8980.0,0.001588522342881169,0.06354089371524677,False
B6,pod_s,S1,A5,10860.0,8980.0,0.0001231269731962501,0.01305145915880251,True
B6,pod_s,S1,A6,12375.0,8980.0,0.00013092946782056853,0.013580713181312263,True
B6,pod_s,S1,B1,10237.5,8980.0,0.00013013297870662286,0.013580713181312263,True
B6,pod_s,S1,B2,9827.5,8980.0,0.00013092946782056853,0.013580713181312263,True
B6,pod_s,S1,B3,10507.5,8980.0,0.00013092946782056853,0.013580713181312263,True
B6,pod_s,S1,B4,10237.5,8980.0,0.00013013297870662286,0.013580713181312263,True
B6,pod_s,S1,B5,10237.5,8980.0,0.00013013297870662286,0.013580713181312263,True
B6,pod_s,S1,B7,9152.5,8980.0,0.00012934012553630727,0.013580713181312263,True
B6,pod_s,S1,B8,9162.5,8980.0,0.00013013297870662286,0.013580713181312263,True
B6,pod_s,S1,B9,9227.5,8980.0,0.00013092946782056853,0.013580713181312263,True
B6,pod_s,S1,B10,9162.5,8980.0,0.00013013297870662286,0.013580713181312263,True
B6,pod_s,S1,B11,9162.5,8980.0,0.00013013297870662286,0.013580713181312263,True
B6,pod_s,S2,A1,23400.0,16857.5,8.686273303412756e-05,0.009381175167685777,True
B6,pod_s,S2,A2,17070.0,16857.5,0.04491231241098703,1.0,False
B6,pod_s,S2,A3,17107.5,16857.5,0.3441594615512613,1.0,False
B6,pod_s,S2,A4,16380.0,16857.5,0.0013094231237714329,0.054995771198400184,False
B6,pod_s,S2,A5,23617.5,16857.5,0.00018165114609146497,0.01688451546912656,True
B6,pod_s,S2,A6,23652.5,16857.5,0.00018165114609146497,0.01688451546912656,True
B6,pod_s,S2,B1,19307.5,16857.5,0.00018165114609146497,0.01688451546912656,True
B6,pod_s,S2,B2,18620.0,16857.5,0.00018165114609146497,0.01688451546912656,True
B6,pod_s,S2,B3,18902.5,16857.5,0.0001806347208075351,0.01688451546912656,True
B6,pod_s,S2,B4,19307.5,16857.5,0.00018165114609146497,0.01688451546912656,True
B6,pod_s,S2,B5,19307.5,16857.5,0.00018165114609146497,0.01688451546912656,True
B6,pod_s,S2,B7,17820.0,16857.5,0.00018165114609146497,0.01688451546912656,True
B6,pod_s,S2,B8,18095.0,16857.5,0.00018165114609146497,0.01688451546912656,True
B6,pod_s,S2,B9,17645.0,16857.5,0.00024480482452445495,0.01688451546912656,True
B6,pod_s,S2,B10,18095.0,16857.5,0.00018165114609146497,0.01688451546912656,True
B6,pod_s,S2,B11,18095.0,16857.5,0.00018165114609146497,0.01688451546912656,True
B6,pod_s,S3,A1,18000.0,10915.0,6.340287417294021e-05,0.006910913284850483,True
B6,pod_s,S3,A2,14407.5,10915.0,0.0001806347208075351,0.01688451546912656,True
B6,pod_s,S3,A3,14857.5,10915.0,0.0001806347208075351,0.01688451546912656,True
B6,pod_s,S3,A4,10035.0,10915.0,0.0001806347208075351,0.01688451546912656,True
B6,pod_s,S3,A5,26497.5,10915.0,0.00018165114609146497,0.01688451546912656,True
B6,pod_s,S3,A6,18972.5,10915.0,0.00018165114609146497,0.01688451546912656,True
B6,pod_s,S3,B1,12150.0,10915.0,0.00018165114609146497,0.01688451546912656,True
B6,pod_s,S3,B2,11962.5,10915.0,0.00018165114609146497,0.01688451546912656,True
B6,pod_s,S3,B3,12735.0,10915.0,0.00018165114609146497,0.01688451546912656,True
B6,pod_s,S3,B4,12150.0,10915.0,0.00018165114609146497,0.01688451546912656,True
B6,pod_s,S3,B5,12387.5,10915.0,0.0001806347208075351,0.01688451546912656,True
B6,pod_s,S3,B7,12957.5,10915.0,0.00018165114609146497,0.01688451546912656,True
B6,pod_s,S3,B8,12065.0,10915.0,0.00018165114609146497,0.01688451546912656,True
B6,pod_s,S3,B9,11772.5,10915.0,0.0001806347208075351,0.01688451546912656,True
B6,pod_s,S3,B10,12065.0,10915.0,0.00018165114609146497,0.01688451546912656,True
B6,pod_s,S3,B11,12110.0,10915.0,0.0001806347208075351,0.01688451546912656,True
B6,pod_s,S4,A1,19800.0,15287.5,0.00010996888366543106,0.011766670552201123,True
B6,pod_s,S4,A2,18877.5,15287.5,0.00018267179110955002,0.01688451546912656,True
B6,pod_s,S4,A3,19252.5,15287.5,0.00018267179110955002,0.01688451546912656,True
B6,pod_s,S4,A4,15490.0,15287.5,0.011329696684474665,0.37185213973351056,False
B6,pod_s,S4,A5,27112.5,15287.5,0.00018267179110955002,0.01688451546912656,True
B6,pod_s,S4,A6,22557.5,15287.5,0.00018267179110955002,0.01688451546912656,True
B6,pod_s,S4,B1,18345.0,15287.5,0.00018267179110955002,0.01688451546912656,True
B6,pod_s,S4,B2,18022.5,15287.5,0.00018267179110955002,0.01688451546912656,True
B6,pod_s,S4,B3,17037.5,15287.5,0.00018267179110955002,0.01688451546912656,True
B6,pod_s,S4,B4,18345.0,15287.5,0.00018267179110955002,0.01688451546912656,True
B6,pod_s,S4,B5,18345.0,15287.5,0.00018267179110955002,0.01688451546912656,True
B6,pod_s,S4,B7,15917.5,15287.5,0.00018267179110955002,0.01688451546912656,True
B6,pod_s,S4,B8,17640.0,15287.5,0.00018165114609146497,0.01688451546912656,True
B6,pod_s,S4,B9,17512.5,15287.5,0.00018267179110955002,0.01688451546912656,True
B6,pod_s,S4,B10,17640.0,15287.5,0.00018165114609146497,0.01688451546912656,True
B6,pod_s,S4,B11,17640.0,15287.5,0.00018165114609146497,0.01688451546912656,True
B6,pod_s,S5,A1,25200.0,12000.0,0.0003230556926118561,0.01688451546912656,True
B6,pod_s,S5,A2,13275.0,12000.0,0.6231762238821174,1.0,False
B6,pod_s,S5,A3,13350.0,12000.0,0.6231762238821174,1.0,False
B6,pod_s,S5,A4,9347.5,12000.0,0.031209012771740218,0.9362703831522066,False
B6,pod_s,S5,A5,22177.5,12000.0,0.0010079762403767444,0.046366907057330244,True
B6,pod_s,S5,A6,18860.0,12000.0,0.0028272720911168077,0.10460906737132189,False
B6,pod_s,S5,B1,12865.0,12000.0,0.6231762238821174,1.0,False
B6,pod_s,S5,B2,12865.0,12000.0,0.6231762238821174,1.0,False
B6,pod_s,S5,B3,13817.5,12000.0,0.28973706282213785,1.0,False
B6,pod_s,S5,B4,12865.0,12000.0,0.5707503880581739,1.0,False
B6,pod_s,S5,B5,13680.0,12000.0,0.3846730627355087,1.0,False
B6,pod_s,S5,B7,13545.0,12000.0,0.3846730627355087,1.0,False
B6,pod_s,S5,B8,13952.5,12000.0,0.3074894566186813,1.0,False
B6,pod_s,S5,B9,13797.5,12000.0,0.6775849579524755,1.0,False
B6,pod_s,S5,B10,13952.5,12000.0,0.3074894566186813,1.0,False
B6,pod_s,S5,B11,14355.0,12000.0,0.18587673236587576,1.0,False
B6,pod_s,S6,A1,28800.0,14600.0,0.0001796225049907081,0.01688451546912656,True
B6,pod_s,S6,A2,19110.0,14600.0,0.011329696684474665,0.37185213973351056,False
B6,pod_s,S6,A3,19440.0,14600.0,0.00728455700947966,0.24767493832230844,False
B6,pod_s,S6,A4,15580.0,14600.0,0.7337299956962472,1.0,False
B6,pod_s,S6,A5,28095.0,14600.0,0.00018267179110955002,0.01688451546912656,True
B6,pod_s,S6,A6,23280.0,14600.0,0.00018267179110955002,0.01688451546912656,True
B6,pod_s,S6,B1,18317.5,14600.0,0.0010079762403767444,0.046366907057330244,True
B6,pod_s,S6,B2,18765.0,14600.0,0.0007685389131627665,0.036121328918650025,True
B6,pod_s,S6,B3,16535.0,14600.0,0.053902557169387175,1.0,False
B6,pod_s,S6,B4,18317.5,14600.0,0.0010079762403767444,0.046366907057330244,True
B6,pod_s,S6,B5,18317.5,14600.0,0.0010079762403767444,0.046366907057330244,True
B6,pod_s,S6,B7,16155.0,14600.0,0.07566157214388704,1.0,False
B6,pod_s,S6,B8,17500.0,14600.0,0.0017062493689195964,0.06654372538786427,False
B6,pod_s,S6,B9,16705.0,14600.0,0.01126824665859123,0.37185213973351056,False
B6,pod_s,S6,B10,17500.0,14600.0,0.0017062493689195964,0.06654372538786427,False
B6,pod_s,S6,B11,17620.0,14600.0,0.0013149446697132139,0.054995771198400184,False
B6,pod_s,S5X,A1,45000.0,22077.5,0.0001806347208075351,0.01688451546912656,True
B6,pod_s,S5X,A2,14902.5,22077.5,0.00579535854433471,0.20283754905171483,False
B6,pod_s,S5X,A3,14797.5,22077.5,0.004586392080253494,0.16511011488912578,False
B6,pod_s,S5X,A4,9655.0,22077.5,0.00018267179110955002,0.01688451546912656,True
B6,pod_s,S5X,A5,25297.5,22077.5,0.031209012771740218,0.9362703831522066,False
B6,pod_s,S5X,A6,22510.0,22077.5,0.5707503880581739,1.0,False
B6,pod_s,S5X,B1,21657.5,22077.5,0.6775849579524755,1.0,False
B6,pod_s,S5X,B2,18705.0,22077.5,0.6231762238821174,1.0,False
B6,pod_s,S5X,B3,22610.0,22077.5,0.8501067391385259,1.0,False
B6,pod_s,S5X,B4,22110.0,22077.5,0.9698499769931556,1.0,False
B6,pod_s,S5X,B5,19142.5,22077.5,0.14046504815835495,1.0,False
B6,pod_s,S5X,B7,22887.5,22077.5,0.47267559351158717,1.0,False
B6,pod_s,S5X,B8,18880.0,22077.5,0.06402210128302689,1.0,False
B6,pod_s,S5X,B9,17090.0,22077.5,0.07566157214388704,1.0,False
B6,pod_s,S5X,B10,19082.5,22077.5,0.06402210128302689,1.0,False
B6,pod_s,S5X,B11,19785.0,22077.5,0.28973706282213785,1.0,False
B6,p95,S1,A1,0.0200678109001818,0.0200678109001818,1.0,1.0,False
B6,p95,S1,A2,0.0200678109001818,0.0200678109001818,1.0,1.0,False
B6,p95,S1,A3,0.0200678109001818,0.0200678109001818,1.0,1.0,False
B6,p95,S1,A4,0.0200678109001818,0.0200678109001818,1.0,1.0,False
B6,p95,S1,A5,0.0200678109001818,0.0200678109001818,1.0,1.0,False
B6,p95,S1,A6,0.0200678109001818,0.0200678109001818,1.0,1.0,False
B6,p95,S1,B1,0.0200678109001818,0.0200678109001818,1.0,1.0,False
B6,p95,S1,B2,0.0200678109001818,0.0200678109001818,1.0,1.0,False
B6,p95,S1,B3,0.0200678109001818,0.0200678109001818,1.0,1.0,False
B6,p95,S1,B4,0.0200678109001818,0.0200678109001818,1.0,1.0,False
B6,p95,S1,B5,0.0200678109001818,0.0200678109001818,1.0,1.0,False
B6,p95,S1,B7,0.0200678109001818,0.0200678109001818,1.0,1.0,False
B6,p95,S1,B8,0.0200678109001818,0.0200678109001818,1.0,1.0,False
B6,p95,S1,B9,0.0200678109001818,0.0200678109001818,1.0,1.0,False
B6,p95,S1,B10,0.0200678109001818,0.0200678109001818,1.0,1.0,False
B6,p95,S1,B11,0.0200678109001818,0.0200678109001818,1.0,1.0,False
B6,p95,S2,A1,0.0200678109001818,0.0200678109001818,1.0,1.0,False
B6,p95,S2,A2,0.0200678109001818,0.0200678109001818,1.0,1.0,False
B6,p95,S2,A3,0.0200678109001818,0.0200678109001818,1.0,1.0,False
B6,p95,S2,A4,0.0200678109001818,0.0200678109001818,1.0,1.0,False
B6,p95,S2,A5,0.0200678109001818,0.0200678109001818,1.0,1.0,False
B6,p95,S2,A6,0.0200678109001818,0.0200678109001818,1.0,1.0,False
B6,p95,S2,B1,0.0200678109001818,0.0200678109001818,1.0,1.0,False
B6,p95,S2,B2,0.0200678109001818,0.0200678109001818,1.0,1.0,False
B6,p95,S2,B3,0.0200678109001818,0.0200678109001818,1.0,1.0,False
B6,p95,S2,B4,0.0200678109001818,0.0200678109001818,1.0,1.0,False
B6,p95,S2,B5,0.0200678109001818,0.0200678109001818,1.0,1.0,False
B6,p95,S2,B7,0.0200678109001818,0.0200678109001818,1.0,1.0,False
B6,p95,S2,B8,0.0200678109001818,0.0200678109001818,1.0,1.0,False
B6,p95,S2,B9,0.0200678109001818,0.0200678109001818,1.0,1.0,False
B6,p95,S2,B10,0.0200678109001818,0.0200678109001818,1.0,1.0,False
B6,p95,S2,B11,0.0200678109001818,0.0200678109001818,1.0,1.0,False
B6,p95,S3,A1,0.0200678109001818,2.0417379446695296,1.5937911688066244e-05,0.0017850461090634193,True
B6,p95,S3,A2,2.0417379446695296,2.0417379446695296,0.36812025069351895,1.0,False
B6,p95,S3,A3,2.0417379446695296,2.0417379446695296,1.0,1.0,False
B6,p95,S3,A4,2.0417379446695296,2.0417379446695296,1.0,1.0,False
B6,p95,S3,A5,2.0417379446695296,2.0417379446695296,1.0,1.0,False
B6,p95,S3,A6,2.0417379446695296,2.0417379446695296,1.0,1.0,False
B6,p95,S3,B1,2.0417379446695296,2.0417379446695296,1.0,1.0,False
B6,p95,S3,B2,2.0417379446695296,2.0417379446695296,1.0,1.0,False
B6,p95,S3,B3,2.0417379446695296,2.0417379446695296,1.0,1.0,False
B6,p95,S3,B4,2.0417379446695296,2.0417379446695296,1.0,1.0,False
B6,p95,S3,B5,2.0417379446695296,2.0417379446695296,1.0,1.0,False
B6,p95,S3,B7,2.0417379446695296,2.0417379446695296,1.0,1.0,False
B6,p95,S3,B8,2.0417379446695296,2.0417379446695296,1.0,1.0,False
B6,p95,S3,B9,2.0417379446695296,2.0417379446695296,1.0,1.0,False
B6,p95,S3,B10,2.0417379446695296,2.0417379446695296,1.0,1.0,False
B6,p95,S3,B11,2.0417379446695296,2.0417379446695296,1.0,1.0,False
B6,p95,S4,A1,0.0200678109001818,0.0275560922445931,0.0007511794334780427,0.07962501994867252,False
B6,p95,S4,A2,1.7463049449353791,0.0275560922445931,0.00017661101166893502,0.01907398926024498,True
B6,p95,S4,A3,1.2941481502568823,0.0275560922445931,0.0001806347208075351,0.019327915126406255,True
B6,p95,S4,A4,0.18740850888367122,0.0275560922445931,0.001486575813551066,0.1487320042480079,False
B6,p95,S4,A5,0.0200678109001818,0.0275560922445931,0.001444000041242795,0.1487320042480079,False
B6,p95,S4,A6,0.0200678109001818,0.0275560922445931,0.0007511794334780427,0.07962501994867252,False
B6,p95,S4,B1,0.0200678109001818,0.0275560922445931,0.001444000041242795,0.1487320042480079,False
B6,p95,S4,B2,0.0200678109001818,0.0275560922445931,0.0007511794334780427,0.07962501994867252,False
B6,p95,S4,B3,0.0200678109001818,0.0275560922445931,0.008833471887377611,0.7685120542018522,False
B6,p95,S4,B4,0.02244473928549685,0.0275560922445931,0.0912902674833145,1.0,False
B6,p95,S4,B5,0.0200678109001818,0.0275560922445931,0.001444000041242795,0.1487320042480079,False
B6,p95,S4,B7,0.0200678109001818,0.0275560922445931,0.007023958216162452,0.6251322812384582,False
B6,p95,S4,B8,0.0200678109001818,0.0275560922445931,0.001444000041242795,0.1487320042480079,False
B6,p95,S4,B9,0.0200678109001818,0.0275560922445931,0.0016565984454826963,0.16069004921182153,False
B6,p95,S4,B10,0.020723715897602052,0.0275560922445931,0.05835319481920647,1.0,False
B6,p95,S4,B11,0.0200678109001818,0.0275560922445931,0.001444000041242795,0.1487320042480079,False
B6,p95,S5,A1,0.0200678109001818,2.0417379446695296,2.428174732475476e-05,0.0026709922057230238,True
B6,p95,S5,A2,2.0417379446695296,2.0417379446695296,0.38664702728431366,1.0,False
B6,p95,S5,A3,2.0417379446695296,2.0417379446695296,0.38664702728431366,1.0,False
B6,p95,S5,A4,2.0417379446695296,2.0417379446695296,0.10067946391366993,1.0,False
B6,p95,S5,A5,1.9492366346501173,2.0417379446695296,0.14332190601165704,1.0,False
B6,p95,S5,A6,2.0417379446695296,2.0417379446695296,0.26341064302067985,1.0,False
B6,p95,S5,B1,2.0417379446695296,2.0417379446695296,0.14971082418939283,1.0,False
B6,p95,S5,B2,2.0417379446695296,2.0417379446695296,0.12358420113551419,1.0,False
B6,p95,S5,B3,2.0417379446695296,2.0417379446695296,0.33046445910149613,1.0,False
B6,p95,S5,B4,2.0417379446695296,2.0417379446695296,0.12358420113551419,1.0,False
B6,p95,S5,B5,2.0417379446695296,2.0417379446695296,0.14971082418939283,1.0,False
B6,p95,S5,B7,2.0417379446695296,2.0417379446695296,1.0,1.0,False
B6,p95,S5,B8,1.5435020477215433,2.0417379446695296,0.023636085682574293,1.0,False
B6,p95,S5,B9,2.0417379446695296,2.0417379446695296,0.10116105881500473,1.0,False
B6,p95,S5,B10,1.9492366346501173,2.0417379446695296,0.05033092002285608,1.0,False
B6,p95,S5,B11,1.5435020477215433,2.0417379446695296,0.023636085682574293,1.0,False
B6,p95,S6,A1,0.0200678109001818,1.3589580724459414,6.158218645749835e-05,0.00671245832386732,True
B6,p95,S6,A2,2.0417379446695296,1.3589580724459414,0.026458687159699422,1.0,False
B6,p95,S6,A3,2.0417379446695296,1.3589580724459414,0.05679730834763381,1.0,False
B6,p95,S6,A4,2.0417379446695296,1.3589580724459414,0.02621228995478611,1.0,False
B6,p95,S6,A5,0.04410700632594185,1.3589580724459414,0.04338462812153525,1.0,False
B6,p95,S6,A6,0.0415879611782172,1.3589580724459414,0.003906967122205976,0.3594409752429498,False
B6,p95,S6,B1,0.14468352433056525,1.3589580724459414,0.003920568327392039,0.3594409752429498,False
B6,p95,S6,B2,0.2165826247782575,1.3589580724459414,0.0023950254858204913,0.22904571748528374,False
B6,p95,S6,B3,0.6662928442192793,1.3589580724459414,0.04842796264627135,1.0,False
B6,p95,S6,B4,0.50410140751082,1.3589580724459414,0.009855645919750858,0.8475855490985739,False
B6,p95,S6,B5,0.14468352433056525,1.3589580724459414,0.003920568327392039,0.3594409752429498,False
B6,p95,S6,B7,0.7070162802653879,1.3589580724459414,0.05773742713250928,1.0,False
B6,p95,S6,B8,0.2691534803926915,1.3589580724459414,0.0023858928904717056,0.22904571748528374,False
B6,p95,S6,B9,0.2582474086807308,1.3589580724459414,0.0026943053951822716,0.2505704017519513,False
B6,p95,S6,B10,0.48644749622455885,1.3589580724459414,0.007889541738477824,0.6942796729860485,False
B6,p95,S6,B11,0.2691534803926915,1.3589580724459414,0.0023858928904717056,0.22904571748528374,False
B6,p95,S5X,A1,0.0200678109001818,2.0417379446695296,1.5937911688066244e-05,0.0017850461090634193,True
B6,p95,S5X,A2,2.0417379446695296,2.0417379446695296,1.0,1.0,False
B6,p95,S5X,A3,2.0417379446695296,2.0417379446695296,1.0,1.0,False
B6,p95,S5X,A4,2.0417379446695296,2.0417379446695296,0.03498309640812092,1.0,False
B6,p95,S5X,A5,2.0417379446695296,2.0417379446695296,1.0,1.0,False
B6,p95,S5X,A6,2.0417379446695296,2.0417379446695296,0.36812025069351895,1.0,False
B6,p95,S5X,B1,2.0417379446695296,2.0417379446695296,1.0,1.0,False
B6,p95,S5X,B2,2.0417379446695296,2.0417379446695296,1.0,1.0,False
B6,p95,S5X,B3,2.0417379446695296,2.0417379446695296,1.0,1.0,False
B6,p95,S5X,B4,2.0417379446695296,2.0417379446695296,0.36812025069351895,1.0,False
B6,p95,S5X,B5,2.0417379446695296,2.0417379446695296,1.0,1.0,False
B6,p95,S5X,B7,2.0417379446695296,2.0417379446695296,0.36812025069351895,1.0,False
B6,p95,S5X,B8,2.0417379446695296,2.0417379446695296,1.0,1.0,False
B6,p95,S5X,B9,2.0417379446695296,2.0417379446695296,1.0,1.0,False
B6,p95,S5X,B10,2.0417379446695296,2.0417379446695296,1.0,1.0,False
B6,p95,S5X,B11,2.0417379446695296,2.0417379446695296,1.0,1.0,False
