epoch,train_loss,val_loss
0.000000000000000000e+00,4.267368533287519416e-01,3.178725540637969971e-01
1.000000000000000000e+00,3.129180980758902719e-01,2.868890166282653809e-01
2.000000000000000000e+00,2.904907762268443272e-01,2.718906104564666748e-01
3.000000000000000000e+00,2.786746419947824238e-01,2.601533234119415283e-01
4.000000000000000000e+00,2.679448764412491468e-01,2.712731659412384033e-01
5.000000000000000000e+00,2.614664971313359065e-01,2.512928545475006104e-01
6.000000000000000000e+00,2.560375293684594156e-01,2.554343938827514648e-01
7.000000000000000000e+00,2.529953975736359273e-01,2.571612298488616943e-01
8.000000000000000000e+00,2.483124983163527422e-01,2.443174421787261963e-01
9.000000000000000000e+00,2.456664629041412640e-01,2.507867813110351562e-01
1.000000000000000000e+01,2.421143308024347462e-01,2.388519942760467529e-01
1.100000000000000000e+01,2.411335053708818232e-01,2.374011874198913574e-01
1.200000000000000000e+01,2.413933763827806611e-01,2.408567368984222412e-01
1.300000000000000000e+01,2.385376073401651309e-01,2.387114465236663818e-01
1.400000000000000000e+01,2.372726035853962856e-01,2.358968406915664673e-01
1.500000000000000000e+01,2.357073236394811588e-01,2.400616407394409180e-01
1.600000000000000000e+01,2.353420083831857801e-01,2.371644675731658936e-01
1.700000000000000000e+01,2.332432996049339513e-01,2.385527193546295166e-01
1.800000000000000000e+01,2.335837722413333928e-01,2.473437935113906860e-01
1.900000000000000000e+01,2.319941880526366074e-01,2.384226024150848389e-01
2.000000000000000000e+01,2.323629830428111664e-01,2.366203069686889648e-01
2.100000000000000000e+01,2.308953098161720952e-01,2.344008386135101318e-01
2.200000000000000000e+01,2.295451160051204531e-01,2.355982959270477295e-01
2.300000000000000000e+01,2.304506005034034632e-01,2.356672585010528564e-01
2.400000000000000000e+01,2.295234876797523083e-01,2.370823025703430176e-01
2.500000000000000000e+01,2.271134064226974780e-01,2.416637539863586426e-01
2.600000000000000000e+01,2.266836912838029183e-01,2.347659766674041748e-01
2.700000000000000000e+01,2.269025642783553398e-01,2.393061816692352295e-01
2.800000000000000000e+01,2.262892142931620387e-01,2.346383929252624512e-01
2.900000000000000000e+01,2.249913996090123769e-01,2.377624809741973877e-01
3.000000000000000000e+01,2.242497911644570630e-01,2.364823222160339355e-01
3.100000000000000000e+01,2.240270477312582553e-01,2.407721728086471558e-01
3.200000000000000000e+01,2.241271956614506178e-01,2.348061800003051758e-01
3.300000000000000000e+01,2.228905512962812141e-01,2.364737242460250854e-01
3.400000000000000000e+01,2.218939478750582006e-01,2.358738631010055542e-01
3.500000000000000000e+01,2.206371984658417884e-01,2.389831990003585815e-01
3.600000000000000000e+01,2.199233424074855947e-01,2.441853433847427368e-01
3.700000000000000000e+01,2.196067960762683180e-01,2.389971613883972168e-01
3.800000000000000000e+01,2.201299200381761634e-01,2.429225295782089233e-01
3.900000000000000000e+01,2.189595031223179333e-01,2.419065684080123901e-01
