member,epoch,train_loss,val_loss
0.000000000000000000e+00,0.000000000000000000e+00,4.228905069764959945e-01,2.853479981422424316e-01
0.000000000000000000e+00,1.000000000000000000e+00,2.575720018810696010e-01,2.387416362762451172e-01
0.000000000000000000e+00,2.000000000000000000e+00,2.448764758766012739e-01,2.373289167881011963e-01
0.000000000000000000e+00,3.000000000000000000e+00,2.254839251754145180e-01,2.268721312284469604e-01
0.000000000000000000e+00,4.000000000000000000e+00,2.140433947718332619e-01,2.222035825252532959e-01
0.000000000000000000e+00,5.000000000000000000e+00,2.097232120377676701e-01,2.235633581876754761e-01
0.000000000000000000e+00,6.000000000000000000e+00,2.066535139210009808e-01,2.182101905345916748e-01
0.000000000000000000e+00,7.000000000000000000e+00,2.029183104555442874e-01,2.171973288059234619e-01
0.000000000000000000e+00,8.000000000000000000e+00,2.011277263442044494e-01,2.159816324710845947e-01
0.000000000000000000e+00,9.000000000000000000e+00,1.975113396133695298e-01,2.217138558626174927e-01
0.000000000000000000e+00,1.000000000000000000e+01,1.963827763758008438e-01,2.198381721973419189e-01
0.000000000000000000e+00,1.100000000000000000e+01,1.932915248568095878e-01,2.108481526374816895e-01
0.000000000000000000e+00,1.200000000000000000e+01,1.902647258112670214e-01,2.164816260337829590e-01
0.000000000000000000e+00,1.300000000000000000e+01,1.865275664619667761e-01,2.176676392555236816e-01
0.000000000000000000e+00,1.400000000000000000e+01,1.841454236438034575e-01,2.218947410583496094e-01
0.000000000000000000e+00,1.500000000000000000e+01,1.812652331022989172e-01,2.231681942939758301e-01
0.000000000000000000e+00,1.600000000000000000e+01,1.782009940614145138e-01,2.197702527046203613e-01
0.000000000000000000e+00,1.700000000000000000e+01,1.734571423637804033e-01,2.313364148139953613e-01
0.000000000000000000e+00,1.800000000000000000e+01,1.709563465660841886e-01,2.155669331550598145e-01
0.000000000000000000e+00,1.900000000000000000e+01,1.682121964674147263e-01,2.356290519237518311e-01
0.000000000000000000e+00,2.000000000000000000e+01,1.655180949698049631e-01,2.315010726451873779e-01
0.000000000000000000e+00,2.100000000000000000e+01,1.631074023625207203e-01,2.319187670946121216e-01
0.000000000000000000e+00,2.200000000000000000e+01,1.599921686072198201e-01,2.288573533296585083e-01
0.000000000000000000e+00,2.300000000000000000e+01,1.570339911513858322e-01,2.442100346088409424e-01
0.000000000000000000e+00,2.400000000000000000e+01,1.546398856337108385e-01,2.327264249324798584e-01
0.000000000000000000e+00,2.500000000000000000e+01,1.523981667621425728e-01,2.352173030376434326e-01
0.000000000000000000e+00,2.600000000000000000e+01,1.491343244989082328e-01,2.388446629047393799e-01
0.000000000000000000e+00,2.700000000000000000e+01,1.478178072543371302e-01,2.396581619977951050e-01
0.000000000000000000e+00,2.800000000000000000e+01,1.450909479112221512e-01,2.498008459806442261e-01
0.000000000000000000e+00,2.900000000000000000e+01,1.429612136707104075e-01,2.473904192447662354e-01
0.000000000000000000e+00,3.000000000000000000e+01,1.406558800311315527e-01,2.502830028533935547e-01
0.000000000000000000e+00,3.100000000000000000e+01,1.394710591072758632e-01,2.518100738525390625e-01
0.000000000000000000e+00,3.200000000000000000e+01,1.372083798760459494e-01,2.557848691940307617e-01
0.000000000000000000e+00,3.300000000000000000e+01,1.359621043243105509e-01,2.542480826377868652e-01
0.000000000000000000e+00,3.400000000000000000e+01,1.348050111342990187e-01,2.571280896663665771e-01
0.000000000000000000e+00,3.500000000000000000e+01,1.335192092512019757e-01,2.575218677520751953e-01
0.000000000000000000e+00,3.600000000000000000e+01,1.327523305933311637e-01,2.581744194030761719e-01
0.000000000000000000e+00,3.700000000000000000e+01,1.320277359119798877e-01,2.580602765083312988e-01
0.000000000000000000e+00,3.800000000000000000e+01,1.317122766265162725e-01,2.586457729339599609e-01
0.000000000000000000e+00,3.900000000000000000e+01,1.314408696202374049e-01,2.586882114410400391e-01
1.000000000000000000e+00,0.000000000000000000e+00,4.195910192671276073e-01,2.681369781494140625e-01
1.000000000000000000e+00,1.000000000000000000e+00,2.609078836819482272e-01,2.443428784608840942e-01
1.000000000000000000e+00,2.000000000000000000e+00,2.337593696893207618e-01,2.208259701728820801e-01
1.000000000000000000e+00,3.000000000000000000e+00,2.235540053516468784e-01,2.296385616064071655e-01
1.000000000000000000e+00,4.000000000000000000e+00,2.148213892859756613e-01,2.227125763893127441e-01
1.000000000000000000e+00,5.000000000000000000e+00,2.074635380474978696e-01,2.210554480552673340e-01
1.000000000000000000e+00,6.000000000000000000e+00,2.031234122931011021e-01,2.172259986400604248e-01
1.000000000000000000e+00,7.000000000000000000e+00,1.984422676777713446e-01,2.205043733119964600e-01
1.000000000000000000e+00,8.000000000000000000e+00,1.944652783965307441e-01,2.348942607641220093e-01
1.000000000000000000e+00,9.000000000000000000e+00,1.915488426647488918e-01,2.218781411647796631e-01
1.000000000000000000e+00,1.000000000000000000e+01,1.889162923923875803e-01,2.254262566566467285e-01
1.000000000000000000e+00,1.100000000000000000e+01,1.845753159472551252e-01,2.346674948930740356e-01
1.000000000000000000e+00,1.200000000000000000e+01,1.827544274784269895e-01,2.298766672611236572e-01
1.000000000000000000e+00,1.300000000000000000e+01,1.780381933406547379e-01,2.184096574783325195e-01
1.000000000000000000e+00,1.400000000000000000e+01,1.760061298097883031e-01,2.248494625091552734e-01
1.000000000000000000e+00,1.500000000000000000e+01,1.735435188762725345e-01,2.302501499652862549e-01
1.000000000000000000e+00,1.600000000000000000e+01,1.730519164176214375e-01,2.301326096057891846e-01
1.000000000000000000e+00,1.700000000000000000e+01,1.677693498513055104e-01,2.268478870391845703e-01
1.000000000000000000e+00,1.800000000000000000e+01,1.656049815119889634e-01,2.328200042247772217e-01
1.000000000000000000e+00,1.900000000000000000e+01,1.636029956202027791e-01,2.366313338279724121e-01
1.000000000000000000e+00,2.000000000000000000e+01,1.601472476172068893e-01,2.476747035980224609e-01
1.000000000000000000e+00,2.100000000000000000e+01,1.563616356994740053e-01,2.358789592981338501e-01
1.000000000000000000e+00,2.200000000000000000e+01,1.539020341540139891e-01,2.432621717453002930e-01
1.000000000000000000e+00,2.300000000000000000e+01,1.508715418911484862e-01,2.519791126251220703e-01
1.000000000000000000e+00,2.400000000000000000e+01,1.484734614217092241e-01,2.468613982200622559e-01
1.000000000000000000e+00,2.500000000000000000e+01,1.452020265122569986e-01,2.534167766571044922e-01
1.000000000000000000e+00,2.600000000000000000e+01,1.433028051935175684e-01,2.446752488613128662e-01
1.000000000000000000e+00,2.700000000000000000e+01,1.395596218802941657e-01,2.645241916179656982e-01
1.000000000000000000e+00,2.800000000000000000e+01,1.372512280783325378e-01,2.513859868049621582e-01
1.000000000000000000e+00,2.900000000000000000e+01,1.353456584234086213e-01,2.551717758178710938e-01
1.000000000000000000e+00,3.000000000000000000e+01,1.327735498941764736e-01,2.532253861427307129e-01
1.000000000000000000e+00,3.100000000000000000e+01,1.312525280332439148e-01,2.577244639396667480e-01
1.000000000000000000e+00,3.200000000000000000e+01,1.299317245839764767e-01,2.575765550136566162e-01
1.000000000000000000e+00,3.300000000000000000e+01,1.284111628299036967e-01,2.653064727783203125e-01
1.000000000000000000e+00,3.400000000000000000e+01,1.274223411997789934e-01,2.660608291625976562e-01
1.000000000000000000e+00,3.500000000000000000e+01,1.264309915127577733e-01,2.638233900070190430e-01
1.000000000000000000e+00,3.600000000000000000e+01,1.252651642239283047e-01,2.661191821098327637e-01
1.000000000000000000e+00,3.700000000000000000e+01,1.249975745167051094e-01,2.673787772655487061e-01
1.000000000000000000e+00,3.800000000000000000e+01,1.244193568746879558e-01,2.672311067581176758e-01
1.000000000000000000e+00,3.900000000000000000e+01,1.242269606186599262e-01,2.671983540058135986e-01
2.000000000000000000e+00,0.000000000000000000e+00,4.235777577395161697e-01,2.803679108619689941e-01
2.000000000000000000e+00,1.000000000000000000e+00,2.642766976324969486e-01,2.581465840339660645e-01
2.000000000000000000e+00,2.000000000000000000e+00,2.407636446927590435e-01,2.328784763813018799e-01
2.000000000000000000e+00,3.000000000000000000e+00,2.311988175546050572e-01,2.225157022476196289e-01
2.000000000000000000e+00,4.000000000000000000e+00,2.210605826642778049e-01,2.353812158107757568e-01
2.000000000000000000e+00,5.000000000000000000e+00,2.166150428630687630e-01,2.216693162918090820e-01
2.000000000000000000e+00,6.000000000000000000e+00,2.102952680732838031e-01,2.195847034454345703e-01
2.000000000000000000e+00,7.000000000000000000e+00,2.051382295196018390e-01,2.267346382141113281e-01
2.000000000000000000e+00,8.000000000000000000e+00,2.026854460359250321e-01,2.215834259986877441e-01
2.000000000000000000e+00,9.000000000000000000e+00,1.988152923407378037e-01,2.113968431949615479e-01
2.000000000000000000e+00,1.000000000000000000e+01,1.955651912108931079e-01,2.165246307849884033e-01
2.000000000000000000e+00,1.100000000000000000e+01,1.917968566140169917e-01,2.182950973510742188e-01
2.000000000000000000e+00,1.200000000000000000e+01,1.876100472041538902e-01,2.278876155614852905e-01
2.000000000000000000e+00,1.300000000000000000e+01,1.850988815070460092e-01,2.215710580348968506e-01
2.000000000000000000e+00,1.400000000000000000e+01,1.816702323773550509e-01,2.197701334953308105e-01
2.000000000000000000e+00,1.500000000000000000e+01,1.784101859917716359e-01,2.172220945358276367e-01
2.000000000000000000e+00,1.600000000000000000e+01,1.770812050059989706e-01,2.205359935760498047e-01
2.000000000000000000e+00,1.700000000000000000e+01,1.736143369050253127e-01,2.289881259202957153e-01
2.000000000000000000e+00,1.800000000000000000e+01,1.712937556483127566e-01,2.292746305465698242e-01
2.000000000000000000e+00,1.900000000000000000e+01,1.683666225148256479e-01,2.355690300464630127e-01
2.000000000000000000e+00,2.000000000000000000e+01,1.655967195198018715e-01,2.343465685844421387e-01
2.000000000000000000e+00,2.100000000000000000e+01,1.640529703053217048e-01,2.318613827228546143e-01
2.000000000000000000e+00,2.200000000000000000e+01,1.617538728411235527e-01,2.401557117700576782e-01
2.000000000000000000e+00,2.300000000000000000e+01,1.593614560586434914e-01,2.387181669473648071e-01
2.000000000000000000e+00,2.400000000000000000e+01,1.589593050341126801e-01,2.372909039258956909e-01
2.000000000000000000e+00,2.500000000000000000e+01,1.564499747343164326e-01,2.367426156997680664e-01
2.000000000000000000e+00,2.600000000000000000e+01,1.548981725223480821e-01,2.335750311613082886e-01
2.000000000000000000e+00,2.700000000000000000e+01,1.532552033662795965e-01,2.308271974325180054e-01
2.000000000000000000e+00,2.800000000000000000e+01,1.509765980893341963e-01,2.383023202419281006e-01
2.000000000000000000e+00,2.900000000000000000e+01,1.499894769418807228e-01,2.383831143379211426e-01
2.000000000000000000e+00,3.000000000000000000e+01,1.476296864804767517e-01,2.411807179450988770e-01
2.000000000000000000e+00,3.100000000000000000e+01,1.461300268690422233e-01,2.455955147743225098e-01
2.000000000000000000e+00,3.200000000000000000e+01,1.456690004262974625e-01,2.423919439315795898e-01
2.000000000000000000e+00,3.300000000000000000e+01,1.446075142533690960e-01,2.415082156658172607e-01
2.000000000000000000e+00,3.400000000000000000e+01,1.432902905833784157e-01,2.473110556602478027e-01
2.000000000000000000e+00,3.500000000000000000e+01,1.427904504474508673e-01,2.429648637771606445e-01
2.000000000000000000e+00,3.600000000000000000e+01,1.423137601563539412e-01,2.439870834350585938e-01
2.000000000000000000e+00,3.700000000000000000e+01,1.417914248648143860e-01,2.440080791711807251e-01
2.000000000000000000e+00,3.800000000000000000e+01,1.415291815838485845e-01,2.447815835475921631e-01
2.000000000000000000e+00,3.900000000000000000e+01,1.413470091958525243e-01,2.444219738245010376e-01
3.000000000000000000e+00,0.000000000000000000e+00,4.095931049061830587e-01,2.611978650093078613e-01
3.000000000000000000e+00,1.000000000000000000e+00,2.546660238472873150e-01,2.397739887237548828e-01
3.000000000000000000e+00,2.000000000000000000e+00,2.302496195154846159e-01,2.264527678489685059e-01
3.000000000000000000e+00,3.000000000000000000e+00,2.196762960423868094e-01,2.388887703418731689e-01
3.000000000000000000e+00,4.000000000000000000e+00,2.125079318959876840e-01,2.214132249355316162e-01
3.000000000000000000e+00,5.000000000000000000e+00,2.054221821998162278e-01,2.292892634868621826e-01
3.000000000000000000e+00,6.000000000000000000e+00,2.029703201124907763e-01,2.191599309444427490e-01
3.000000000000000000e+00,7.000000000000000000e+00,1.997109075071950568e-01,2.275678217411041260e-01
3.000000000000000000e+00,8.000000000000000000e+00,1.975256104160238169e-01,2.270579636096954346e-01
3.000000000000000000e+00,9.000000000000000000e+00,1.946788732336942607e-01,2.213861644268035889e-01
3.000000000000000000e+00,1.000000000000000000e+01,1.923272204146814213e-01,2.208078205585479736e-01
3.000000000000000000e+00,1.100000000000000000e+01,1.901260466329635079e-01,2.179497480392456055e-01
3.000000000000000000e+00,1.200000000000000000e+01,1.867807765486379223e-01,2.199146747589111328e-01
3.000000000000000000e+00,1.300000000000000000e+01,1.834215445493264096e-01,2.244396805763244629e-01
3.000000000000000000e+00,1.400000000000000000e+01,1.807339243787937089e-01,2.300756573677062988e-01
3.000000000000000000e+00,1.500000000000000000e+01,1.794952595675433082e-01,2.249892950057983398e-01
3.000000000000000000e+00,1.600000000000000000e+01,1.752852272419702373e-01,2.197939455509185791e-01
3.000000000000000000e+00,1.700000000000000000e+01,1.735453890114234121e-01,2.256038933992385864e-01
3.000000000000000000e+00,1.800000000000000000e+01,1.705696600770193472e-01,2.239352911710739136e-01
3.000000000000000000e+00,1.900000000000000000e+01,1.672883549616450416e-01,2.169346213340759277e-01
3.000000000000000000e+00,2.000000000000000000e+01,1.650139706475394208e-01,2.362651526927947998e-01
3.000000000000000000e+00,2.100000000000000000e+01,1.629467432461087772e-01,2.366355508565902710e-01
3.000000000000000000e+00,2.200000000000000000e+01,1.606374666173621957e-01,2.374103516340255737e-01
3.000000000000000000e+00,2.300000000000000000e+01,1.574152650183470725e-01,2.294245362281799316e-01
3.000000000000000000e+00,2.400000000000000000e+01,1.554617904166065157e-01,2.288777828216552734e-01
3.000000000000000000e+00,2.500000000000000000e+01,1.526394504087942583e-01,2.367156594991683960e-01
3.000000000000000000e+00,2.600000000000000000e+01,1.494881532810352354e-01,2.302970588207244873e-01
3.000000000000000000e+00,2.700000000000000000e+01,1.469308361805305163e-01,2.281609773635864258e-01
3.000000000000000000e+00,2.800000000000000000e+01,1.454482258469970146e-01,2.363271117210388184e-01
3.000000000000000000e+00,2.900000000000000000e+01,1.431848576459935074e-01,2.353359162807464600e-01
3.000000000000000000e+00,3.000000000000000000e+01,1.408191620515137077e-01,2.334130555391311646e-01
3.000000000000000000e+00,3.100000000000000000e+01,1.404387876943305746e-01,2.416984587907791138e-01
3.000000000000000000e+00,3.200000000000000000e+01,1.381347867073836055e-01,2.432230114936828613e-01
3.000000000000000000e+00,3.300000000000000000e+01,1.365253704880911301e-01,2.481539547443389893e-01
3.000000000000000000e+00,3.400000000000000000e+01,1.359412110750637392e-01,2.428990602493286133e-01
3.000000000000000000e+00,3.500000000000000000e+01,1.348869172668961669e-01,2.428227663040161133e-01
3.000000000000000000e+00,3.600000000000000000e+01,1.341895815556642113e-01,2.444169819355010986e-01
3.000000000000000000e+00,3.700000000000000000e+01,1.336709877012898784e-01,2.453796267509460449e-01
3.000000000000000000e+00,3.800000000000000000e+01,1.333710448294089523e-01,2.450331300497055054e-01
3.000000000000000000e+00,3.900000000000000000e+01,1.331820653781058406e-01,2.450229525566101074e-01
4.000000000000000000e+00,0.000000000000000000e+00,4.224779670831387834e-01,2.899734675884246826e-01
4.000000000000000000e+00,1.000000000000000000e+00,2.748631455280162728e-01,2.462768852710723877e-01
4.000000000000000000e+00,2.000000000000000000e+00,2.456070710111547262e-01,2.416767030954360962e-01
4.000000000000000000e+00,3.000000000000000000e+00,2.336440429801032725e-01,2.267553508281707764e-01
4.000000000000000000e+00,4.000000000000000000e+00,2.265895631893601880e-01,2.394224852323532104e-01
4.000000000000000000e+00,5.000000000000000000e+00,2.194248728651218283e-01,2.324661910533905029e-01
4.000000000000000000e+00,6.000000000000000000e+00,2.138691569131518089e-01,2.273319810628890991e-01
4.000000000000000000e+00,7.000000000000000000e+00,2.105703271570659729e-01,2.255911231040954590e-01
4.000000000000000000e+00,8.000000000000000000e+00,2.061879447528294218e-01,2.167352735996246338e-01
4.000000000000000000e+00,9.000000000000000000e+00,2.013014804749261866e-01,2.274754494428634644e-01
4.000000000000000000e+00,1.000000000000000000e+01,1.984828588350739942e-01,2.209644019603729248e-01
4.000000000000000000e+00,1.100000000000000000e+01,1.953957678937407461e-01,2.252459228038787842e-01
4.000000000000000000e+00,1.200000000000000000e+01,1.939301110449291321e-01,2.236643433570861816e-01
4.000000000000000000e+00,1.300000000000000000e+01,1.904606740310709201e-01,2.214742600917816162e-01
4.000000000000000000e+00,1.400000000000000000e+01,1.874079663286764286e-01,2.230860441923141479e-01
4.000000000000000000e+00,1.500000000000000000e+01,1.841007542988610524e-01,2.219324111938476562e-01
4.000000000000000000e+00,1.600000000000000000e+01,1.824998988360954921e-01,2.250967323780059814e-01
4.000000000000000000e+00,1.700000000000000000e+01,1.793341083974434591e-01,2.201083004474639893e-01
4.000000000000000000e+00,1.800000000000000000e+01,1.770187596480051750e-01,2.445264756679534912e-01
4.000000000000000000e+00,1.900000000000000000e+01,1.742789374142096892e-01,2.324123084545135498e-01
4.000000000000000000e+00,2.000000000000000000e+01,1.718910990568695840e-01,2.275578677654266357e-01
4.000000000000000000e+00,2.100000000000000000e+01,1.690592445709087344e-01,2.415066957473754883e-01
4.000000000000000000e+00,2.200000000000000000e+01,1.666807320067491549e-01,2.328435778617858887e-01
4.000000000000000000e+00,2.300000000000000000e+01,1.636176753296423314e-01,2.361153364181518555e-01
4.000000000000000000e+00,2.400000000000000000e+01,1.613778172662018451e-01,2.462330162525177002e-01
4.000000000000000000e+00,2.500000000000000000e+01,1.606882686179781639e-01,2.448761910200119019e-01
4.000000000000000000e+00,2.600000000000000000e+01,1.580443755974845210e-01,2.574402391910552979e-01
4.000000000000000000e+00,2.700000000000000000e+01,1.550983703798717861e-01,2.638440132141113281e-01
4.000000000000000000e+00,2.800000000000000000e+01,1.535453037610129690e-01,2.589932382106781006e-01
4.000000000000000000e+00,2.900000000000000000e+01,1.514761709346973129e-01,2.618080675601959229e-01
4.000000000000000000e+00,3.000000000000000000e+01,1.501792565697715465e-01,2.657064199447631836e-01
4.000000000000000000e+00,3.100000000000000000e+01,1.482718480327142041e-01,2.645814120769500732e-01
4.000000000000000000e+00,3.200000000000000000e+01,1.466762382517416141e-01,2.677326798439025879e-01
4.000000000000000000e+00,3.300000000000000000e+01,1.457925371707431972e-01,2.696745991706848145e-01
4.000000000000000000e+00,3.400000000000000000e+01,1.449295456131930171e-01,2.746614217758178711e-01
4.000000000000000000e+00,3.500000000000000000e+01,1.440623828342982582e-01,2.749947905540466309e-01
4.000000000000000000e+00,3.600000000000000000e+01,1.432676810593832006e-01,2.715083658695220947e-01
4.000000000000000000e+00,3.700000000000000000e+01,1.429253052151392422e-01,2.733448147773742676e-01
4.000000000000000000e+00,3.800000000000000000e+01,1.426018299722166816e-01,2.744430899620056152e-01
4.000000000000000000e+00,3.900000000000000000e+01,1.424198888597034141e-01,2.740953564643859863e-01
