subset,budget_of,family,loss_at_budget,ci_lo,ci_hi,boot_in_range
все тестовые окна,A3,HPA+LC,0.044992424002327155,0.031507886831098356,0.06010445075566435,500
все тестовые окна,A3,ПАБ naive,,0.03203399740462603,0.06119974305332967,97
все тестовые окна,A3,ПАБ peak,,,,0
все тестовые окна,A3,ПАБ mean+std,0.03981874318391066,0.028942764329358977,0.050644506205416225,500
все тестовые окна,A3,ПАБ AR,0.03991797724486708,0.030087332111108228,0.04940794109490942,383
все тестовые окна,A3,ПАБ LSTM v2,,0.02965108122869244,0.05485353831615595,84
все тестовые окна,A3,ПАБ GRU v2,,,,0
все тестовые окна,A3,ПАБ LSTM v2 - HPA+LC,,-0.014007248967463526,0.010795998958865172,84
все тестовые окна,A3,ПАБ LSTM v2 - ПАБ AR,,-0.0018819543051662546,0.00827435435650698,83
все тестовые окна,A3,ПАБ naive - HPA+LC,,-0.011667152626407093,0.019830919310951965,97
все тестовые окна,A3,ПАБ LSTM v2 - ПАБ mean+std,,-0.0010468442937063664,0.005836434369922269,84
все тестовые окна,A3,ПАБ mean+std - HPA+LC,-0.005173680818416494,-0.013177797816407513,0.00357523835019573,500
все тестовые окна,A6,HPA+LC,0.024044778057200747,0.014891574752983666,0.03280879836195047,500
все тестовые окна,A6,ПАБ naive,0.02263914028048202,0.015913381390569144,0.029807831583274793,500
все тестовые окна,A6,ПАБ peak,0.024042828508367458,0.016653744722615202,0.030904915839204912,500
все тестовые окна,A6,ПАБ mean+std,0.02034385001801784,0.013545749693838273,0.026868719183733018,500
все тестовые окна,A6,ПАБ AR,0.020342493780462528,0.01321922948425144,0.026391463858473053,500
все тестовые окна,A6,ПАБ LSTM v2,0.01745546184405087,0.01224754592011022,0.022991038027859914,500
все тестовые окна,A6,ПАБ GRU v2,0.019763469274720172,0.013183638368386135,0.02550221603877927,500
все тестовые окна,A6,ПАБ LSTM v2 - HPA+LC,-0.0065893162131498775,-0.011987940516048212,-0.001284261817085082,500
все тестовые окна,A6,ПАБ LSTM v2 - ПАБ naive,-0.005183678436431152,-0.009103674811829245,-0.00208322601604049,500
все тестовые окна,A6,ПАБ LSTM v2 - ПАБ AR,-0.0028870319364116583,-0.006408682387000205,0.0009461620480314181,500
все тестовые окна,A6,ПАБ naive - HPA+LC,-0.0014056377767187253,-0.008885182569094298,0.006164303414657348,500
все тестовые окна,A6,ПАБ LSTM v2 - ПАБ peak,-0.006587366664316589,-0.009888144678181244,-0.003201271561823895,500
все тестовые окна,A6,ПАБ LSTM v2 - ПАБ mean+std,-0.0028883881739669715,-0.006380937255395997,0.0008023959101602394,500
все тестовые окна,A6,ПАБ peak - HPA+LC,-1.9495488332889332e-06,-0.005997190362640664,0.006554243373129122,500
все тестовые окна,A6,ПАБ mean+std - HPA+LC,-0.003700928039182906,-0.00849142468592935,0.0019700280260640255,500
все тестовые окна,B8,HPA+LC,0.033847382792891526,0.023158226463428164,0.047175963864721886,500
все тестовые окна,B8,ПАБ naive,0.034343510964220204,0.02362076382600498,0.04455796533279462,500
все тестовые окна,B8,ПАБ peak,0.03454942124112204,0.02338853919837455,0.044379283430287166,500
все тестовые окна,B8,ПАБ mean+std,0.02900705067042077,0.01971499381093813,0.03813034033185379,500
все тестовые окна,B8,ПАБ AR,0.02923257403519923,0.02004519506538106,0.03864230851749455,500
все тестовые окна,B8,ПАБ LSTM v2,0.027595346677257705,0.01921190613380593,0.03523803406173505,500
все тестовые окна,B8,ПАБ GRU v2,0.030069533265386205,0.02096615304129697,0.03937592694692308,500
все тестовые окна,B8,ПАБ LSTM v2 - HPA+LC,-0.006252036115633821,-0.013858470795694225,0.0010917014203587895,500
все тестовые окна,B8,ПАБ LSTM v2 - ПАБ naive,-0.0067481642869625,-0.011031437882733877,-0.003110984728034227,500
все тестовые окна,B8,ПАБ LSTM v2 - ПАБ AR,-0.0016372273579415252,-0.0057236590620871825,0.0015755760511669764,500
все тестовые окна,B8,ПАБ naive - HPA+LC,0.0004961281713286789,-0.010141983560311093,0.01063207992580814,500
все тестовые окна,B8,ПАБ LSTM v2 - ПАБ peak,-0.006954074563864338,-0.01074277377173662,-0.0035369487855327507,500
все тестовые окна,B8,ПАБ LSTM v2 - ПАБ mean+std,-0.001411703993163066,-0.004123710999710649,0.0010739636988457669,500
все тестовые окна,B8,ПАБ peak - HPA+LC,0.0007020384482305173,-0.00827465354171658,0.009551085620276538,500
все тестовые окна,B8,ПАБ mean+std - HPA+LC,-0.004840332122470755,-0.011395835922927965,0.00168144617540771,500
окна с пиком <= 1600 запр/с,A3,HPA+LC,0.04157639205576064,0.029308139560653174,0.05528179487229144,500
окна с пиком <= 1600 запр/с,A3,ПАБ naive,,,,23
окна с пиком <= 1600 запр/с,A3,ПАБ peak,,,,0
окна с пиком <= 1600 запр/с,A3,ПАБ mean+std,0.03518601720349668,0.02566438014556339,0.04530112243248934,500
окна с пиком <= 1600 запр/с,A3,ПАБ AR,0.036355213737531505,0.026508831531841106,0.04688939889803449,329
окна с пиком <= 1600 запр/с,A3,ПАБ LSTM v2,,,,2
окна с пиком <= 1600 запр/с,A3,ПАБ GRU v2,,,,0
окна с пиком <= 1600 запр/с,A3,ПАБ mean+std - HPA+LC,-0.006390374852263965,-0.010949291556436622,-0.0021848071315258765,500
окна с пиком <= 1600 запр/с,A6,HPA+LC,0.022882856685557562,0.014906997621044705,0.03219240183608117,500
окна с пиком <= 1600 запр/с,A6,ПАБ naive,0.02198857858821153,0.014843230647160406,0.029887814905774874,500
окна с пиком <= 1600 запр/с,A6,ПАБ peak,0.022513050830784333,0.015109583571613447,0.030506964674550604,500
окна с пиком <= 1600 запр/с,A6,ПАБ mean+std,0.017893849845751608,0.011812834446055244,0.0245226771620717,500
окна с пиком <= 1600 запр/с,A6,ПАБ AR,0.017780092126978928,0.011166872834277197,0.024249634654450014,500
окна с пиком <= 1600 запр/с,A6,ПАБ LSTM v2,0.017593381134561596,0.011766295214068311,0.023814206282547355,500
окна с пиком <= 1600 запр/с,A6,ПАБ GRU v2,0.01856913176583423,0.012509131609698795,0.025276794112097965,500
окна с пиком <= 1600 запр/с,A6,ПАБ LSTM v2 - HPA+LC,-0.005289475550995966,-0.00969275721276913,-0.0019867644357484016,500
окна с пиком <= 1600 запр/с,A6,ПАБ LSTM v2 - ПАБ naive,-0.004395197453649934,-0.0069967656709440385,-0.001941286613746714,500
окна с пиком <= 1600 запр/с,A6,ПАБ LSTM v2 - ПАБ AR,-0.000186710992417332,-0.0027909029426265502,0.0021797787723089666,500
окна с пиком <= 1600 запр/с,A6,ПАБ naive - HPA+LC,-0.0008942780973460324,-0.005568747884124818,0.003025590394202745,500
окна с пиком <= 1600 запр/с,A6,ПАБ LSTM v2 - ПАБ peak,-0.004919669696222737,-0.007657449861322499,-0.0020272968528872518,500
окна с пиком <= 1600 запр/с,A6,ПАБ LSTM v2 - ПАБ mean+std,-0.0003004687111900113,-0.0025936341582449176,0.0018632910068572487,500
окна с пиком <= 1600 запр/с,A6,ПАБ peak - HPA+LC,-0.0003698058547732287,-0.005132380259089395,0.0029480988749080125,500
окна с пиком <= 1600 запр/с,A6,ПАБ mean+std - HPA+LC,-0.004989006839805955,-0.009550323489275,-0.0011832557794447807,500
окна с пиком <= 1600 запр/с,B8,HPA+LC,0.03134997568115427,0.022422667890605822,0.04257369975992355,500
окна с пиком <= 1600 запр/с,B8,ПАБ naive,0.031117063245419036,0.022639577556058083,0.04187905054070551,500
окна с пиком <= 1600 запр/с,B8,ПАБ peak,0.0306337369876152,0.02215183008167647,0.041075390910864665,500
окна с пиком <= 1600 запр/с,B8,ПАБ mean+std,0.02553335462090538,0.018045652696961446,0.03456506569029212,500
окна с пиком <= 1600 запр/с,B8,ПАБ AR,0.02598912461355747,0.018426698852017455,0.03556958970804818,500
окна с пиком <= 1600 запр/с,B8,ПАБ LSTM v2,0.024840428280659493,0.01802731804103441,0.03304593675438009,500
окна с пиком <= 1600 запр/с,B8,ПАБ GRU v2,0.02679988705910646,0.019109740687674265,0.03625495164518901,500
окна с пиком <= 1600 запр/с,B8,ПАБ LSTM v2 - HPA+LC,-0.006509547400494774,-0.01033995786300102,-0.003079081881029731,500
окна с пиком <= 1600 запр/с,B8,ПАБ LSTM v2 - ПАБ naive,-0.006276634964759543,-0.009408899349560722,-0.0032575343014294034,500
окна с пиком <= 1600 запр/с,B8,ПАБ LSTM v2 - ПАБ AR,-0.0011486963328979777,-0.003555902782673458,0.001059368682298033,500
окна с пиком <= 1600 запр/с,B8,ПАБ naive - HPA+LC,-0.00023291243573523093,-0.0051533303304674,0.004172363522771451,500
окна с пиком <= 1600 запр/с,B8,ПАБ LSTM v2 - ПАБ peak,-0.005793308706955706,-0.009013363868924497,-0.0029133342977494397,500
окна с пиком <= 1600 запр/с,B8,ПАБ LSTM v2 - ПАБ mean+std,-0.000692926340245887,-0.003098952882308538,0.0017288182455035958,500
окна с пиком <= 1600 запр/с,B8,ПАБ peak - HPA+LC,-0.0007162386935390674,-0.005513105139000326,0.0033870302358058667,500
окна с пиком <= 1600 запр/с,B8,ПАБ mean+std - HPA+LC,-0.005816621060248887,-0.01013403289950193,-0.002233171041622526,500
