subset,A,B,metric,diff_A_minus_B,ci_lo,ci_hi,significant_95
все тестовые окна,B8,A3,loss,-0.01625469798450283,-0.025925361130521827,-0.0068329921413954955,True
все тестовые окна,B8,A3,pod_s,1148.592592592593,1042.832407407407,1249.2250000000004,True
все тестовые окна,B8,A3,viol_s,-24.948148148148142,-29.50425925925926,-20.325740740740738,True
все тестовые окна,B8,A6,loss,0.00451620804653477,-3.7817712132876134e-05,0.009093309030589023,False
все тестовые окна,B8,A6,pod_s,-1881.6296296296287,-2217.9962962962964,-1578.8083333333334,True
все тестовые окна,B8,A6,viol_s,3.7037037037037095,-0.2303703703703684,8.608333333333329,False
все тестовые окна,B8,B6,loss,-0.007874846813252023,-0.011946497024701836,-0.0037998539243773856,True
все тестовые окна,B8,B6,pod_s,112.74074074074088,23.416666666666586,201.56203703703713,True
все тестовые окна,B8,B6,viol_s,-14.888888888888886,-18.90388888888889,-11.147777777777778,True
все тестовые окна,B8,B3,loss,-0.0025892037534423554,-0.006396541652632544,0.0010523077290451595,False
все тестовые окна,B8,B3,pod_s,186.40740740740785,62.8231481481485,291.46296296296276,True
все тестовые окна,B8,B3,viol_s,-7.422222222222217,-10.289259259259262,-4.3109259259259325,True
все тестовые окна,B8,B9,loss,-0.0007730570202415139,-0.0025485695304378166,0.0009290784893275636,False
все тестовые окна,B8,B9,pod_s,-195.29629629629562,-268.46203703703696,-129.43703703703696,True
все тестовые окна,B8,B9,viol_s,0.8148148148148167,-0.9409259259259285,2.7855555555555496,False
все тестовые окна,B8,B11,loss,0.0013971529673026534,0.0007189834722258128,0.002064136185092594,True
все тестовые окна,B8,B11,pod_s,-416.0740740740739,-537.7814814814819,-315.10370370370396,True
все тестовые окна,B8,B11,viol_s,4.044444444444444,2.3701851851851816,6.0518518518518505,True
все тестовые окна,B6,A3,loss,-0.008379851171250806,-0.02096786014097546,0.004029421590820068,False
все тестовые окна,B6,A3,pod_s,1035.8518518518522,908.82962962963,1179.4120370370365,True
все тестовые окна,B6,A3,viol_s,-10.059259259259257,-15.045555555555563,-4.451481481481481,True
все тестовые окна,B8,B12,loss,-0.003341953387957706,-0.005906492912848238,-0.0009046391082173888,True
все тестовые окна,B8,B12,pod_s,-466.2592592592591,-640.7657407407409,-316.31666666666734,True
все тестовые окна,B8,B12,viol_s,-6.6740740740740705,-9.68962962962963,-3.740370370370372,True
все тестовые окна,B8,B13,loss,-0.008284471654463239,-0.011071535996625923,-0.005770097589670773,True
все тестовые окна,B8,B13,pod_s,816.9259259259261,742.0546296296294,891.8555555555558,True
все тестовые окна,B8,B13,viol_s,-17.199999999999996,-20.815,-13.874074074074073,True
все тестовые окна,B12,A3,loss,-0.012912744596545123,-0.02336130355869969,-0.003127669548606819,True
все тестовые окна,B12,A3,pod_s,1614.8518518518522,1424.2500000000002,1845.3092592592593,True
все тестовые окна,B12,A3,viol_s,-18.274074074074072,-23.577962962962967,-12.785185185185185,True
все тестовые окна,B13,A3,loss,-0.00797022633003959,-0.016236435924500737,0.0006112424182081819,False
все тестовые окна,B13,A3,pod_s,331.66666666666697,260.7972222222222,406.41759259259294,True
все тестовые окна,B13,A3,viol_s,-7.748148148148147,-11.718888888888886,-3.4222222222222243,True
окна с пиком <= 1600 запр/с,B8,A3,loss,-0.016508359074292316,-0.022469913575902948,-0.011218313694435121,True
окна с пиком <= 1600 запр/с,B8,A3,pod_s,1115.6390977443607,1021.5037593984962,1208.8355263157891,True
окна с пиком <= 1600 запр/с,B8,A3,viol_s,-25.639097744360903,-29.947368421052623,-21.6765037593985,True
окна с пиком <= 1600 запр/с,B8,A6,loss,0.0018193148598541556,-0.0012230460601706248,0.004731031111634229,False
окна с пиком <= 1600 запр/с,B8,A6,pod_s,-1725.1503759398502,-1966.3656015037589,-1483.416353383459,True
окна с пиком <= 1600 запр/с,B8,A6,viol_s,2.1203007518796966,-1.684774436090227,6.4439849624060095,False
окна с пиком <= 1600 запр/с,B8,B6,loss,-0.007312182683294241,-0.010432795749592548,-0.0042967284441059045,True
окна с пиком <= 1600 запр/с,B8,B6,pod_s,124.84962406014984,34.86654135338417,213.75939849624046,True
окна с пиком <= 1600 запр/с,B8,B6,viol_s,-14.654135338345867,-18.616917293233083,-11.014661654135342,True
окна с пиком <= 1600 запр/с,B8,B3,loss,-0.00241106519505618,-0.004803113209474079,-0.00027834328791449163,True
окна с пиком <= 1600 запр/с,B8,B3,pod_s,239.32330827067653,150.82330827067648,321.4379699248121,True
окна с пиком <= 1600 запр/с,B8,B3,viol_s,-8.32330827067669,-10.722180451127818,-5.932142857142855,True
окна с пиком <= 1600 запр/с,B8,B9,loss,-0.0008086522961824501,-0.0019727366647075864,0.00019429196291385377,False
окна с пиком <= 1600 запр/с,B8,B9,pod_s,-189.73684210526335,-260.7622180451128,-125.09680451127755,True
окна с пиком <= 1600 запр/с,B8,B9,viol_s,0.7969924812030058,-0.9249999999999998,2.676691729323302,False
окна с пиком <= 1600 запр/с,B8,B11,loss,0.0011615798753209644,0.0005772007853756547,0.0019466406823974174,True
окна с пиком <= 1600 запр/с,B8,B11,pod_s,-403.98496240601526,-520.9125939849629,-304.50375939849613,True
окна с пиком <= 1600 запр/с,B8,B11,viol_s,3.94736842105263,2.164473684210528,6.068421052631578,True
окна с пиком <= 1600 запр/с,B6,A3,loss,-0.009196176390998075,-0.01584532607350907,-0.0037732601050125968,True
окна с пиком <= 1600 запр/с,B6,A3,pod_s,990.7894736842109,872.4812030075191,1119.3703007518798,True
окна с пиком <= 1600 запр/с,B6,A3,viol_s,-10.984962406015036,-15.436466165413533,-6.4283834586466195,True
окна с пиком <= 1600 запр/с,B8,B12,loss,-0.003519051643615101,-0.00638041091056399,-0.0008224282219970651,True
окна с пиком <= 1600 запр/с,B8,B12,pod_s,-391.1654135338349,-506.8120300751881,-276.4586466165419,True
окна с пиком <= 1600 запр/с,B8,B12,viol_s,-6.7593984962406,-9.714473684210525,-3.8569548872180435,True
окна с пиком <= 1600 запр/с,B8,B13,loss,-0.007129509390935283,-0.009629679511311943,-0.004816729685320894,True
окна с пиком <= 1600 запр/с,B8,B13,pod_s,804.1353383458645,725.482142857143,880.4332706766911,True
окна с пиком <= 1600 запр/с,B8,B13,viol_s,-17.19548872180451,-20.842481203007523,-13.916729323308273,True
окна с пиком <= 1600 запр/с,B12,A3,loss,-0.012989307430677215,-0.02011898878511807,-0.007375165052423872,True
окна с пиком <= 1600 запр/с,B12,A3,pod_s,1506.8045112781956,1366.6343984962414,1663.0131578947367,True
окна с пиком <= 1600 запр/с,B12,A3,viol_s,-18.879699248120303,-24.022932330827068,-14.390601503759402,True
окна с пиком <= 1600 запр/с,B13,A3,loss,-0.009378849683357032,-0.014745607667908828,-0.004772720613638695,True
окна с пиком <= 1600 запр/с,B13,A3,pod_s,311.5037593984962,242.36466165413543,381.54135338345895,True
окна с пиком <= 1600 запр/с,B13,A3,viol_s,-8.443609022556394,-12.520676691729319,-4.276127819548885,True
