setting,config,loss,pod_s,ci_lo,ci_hi
p99=200,A3,0.02624157588928004,4096.0,,
p99=200,A6,0.015588930310957726,5194.518518518518,,
p99=200,B6,0.02302462101113936,4361.62962962963,,
p99=200,B8,0.011232211707783709,4721.925925925926,,
p99=200,B12,0.021003709146331147,4528.814814814815,,
p99=200,B8-A3,-0.015192614993451575,,-0.022083266776107596,-0.007995262009682176
p99=200,B8-B6,-0.01160122087190942,,-0.017056129470512868,-0.006992925225731504
p99=200,B8-B12,-0.009730008350603236,,-0.014290484858714213,-0.005766473627887477
p99=400 (осн.),A3,0.04385004466176057,5443.444444444444,,
p99=400 (осн.),A6,0.023079138630722962,8473.666666666666,,
p99=400 (осн.),B6,0.03547019349050976,6479.2962962962965,,
p99=400 (осн.),B8,0.027595346677257736,6592.037037037037,,
p99=400 (осн.),B12,0.03093730006521544,7058.2962962962965,,
p99=400 (осн.),B8-A3,-0.01635485824868088,,-0.024588970982662665,-0.0075379602820195065
p99=400 (осн.),B8-B6,-0.007861219737697567,,-0.012030902575113534,-0.00410605154449058
p99=400 (осн.),B8-B12,-0.003349916563277107,,-0.005878611303848178,-0.0010584253372356968
p99=800,A3,0.07247670953251024,8621.444444444445,,
p99=800,A6,0.03790309177301818,14382.407407407407,,
p99=800,B6,0.07917443709299034,9865.148148148148,,
p99=800,B8,0.05949490680134696,9746.185185185184,,
p99=800,B12,0.06165476346735153,11441.481481481482,,
p99=800,B8-A3,-0.013081150705663382,,-0.02194572884813429,-0.004846597438784694
p99=800,B8-B6,-0.01947521335072502,,-0.025969228433357486,-0.014122701238087534
p99=800,B8-B12,-0.0029295944929203857,,-0.012141735363925795,0.00923905749360166
T_start=10,A3,0.03448698762606516,5623.111111111111,,
T_start=10,A6,0.01137500946551154,8906.037037037036,,
T_start=10,B6,0.02013773091984682,6468.0,,
T_start=10,B8,0.016842984356020684,6588.888888888889,,
T_start=10,B12,0.016874930457466242,7073.185185185185,,
T_start=10,B8-A3,-0.01735860964889431,,-0.024997723296231227,-0.011078997146094801
T_start=10,B8-B6,-0.0032702473339495733,,-0.005097694895236174,-0.0013876348348136095
T_start=10,B8-B12,-5.911190361881577e-06,,-0.0015394426212434955,0.0013796424083664883
T_start=60,A3,0.054882001774107306,5335.555555555556,,
T_start=60,A6,0.0329054020640224,8558.111111111111,,
T_start=60,B6,0.05040107207542738,6508.777777777777,,
T_start=60,B8,0.04123910886651851,6607.555555555556,,
T_start=60,B12,0.04581126484733096,7087.740740740741,,
T_start=60,B8-A3,-0.012866196091971389,,-0.027932976606593826,-0.0011140997555587455
T_start=60,B8-B6,-0.008937376650958194,,-0.015148940393282967,-0.0038727551318692684
T_start=60,B8-B12,-0.004567334071460139,,-0.007951112098613157,-0.0009338378604919295
