subset,n_windows,config,loss,loss_lo,loss_hi,late,viol_s_mean,viol_lo,viol_hi,pod_s_mean,pod_lo,pod_hi,react_s
все тестовые окна,135,A1,0.0,0.0,0.0,0.0,0.0,0.0,0.0,18973.333333333332,16560.0,21720.333333333332,0.059243697478991594
все тестовые окна,135,A2,0.044166608070642814,0.03134665919462137,0.05869865426697814,0.105056891587826,67.02222222222223,58.39907407407407,76.01851851851849,5438.777777777777,4895.333333333333,6159.136111111111,38.86186141123116
все тестовые окна,135,A3,0.04385004466176053,0.03161177456745542,0.05772945285944905,0.10355752558392543,61.148148148148145,52.940370370370374,68.95111111111109,5443.444444444444,4893.438888888889,6175.225,38.86186141123116
все тестовые окна,135,A4,0.06263355547021567,0.0441714352184872,0.08061657567282791,0.16169163082650526,99.97037037037038,84.28018518518518,115.69037037037036,4905.222222222223,4492.552777777778,5472.525925925925,49.8141156462585
все тестовые окна,135,A5,0.02879536587872398,0.019054083414137855,0.03960936318641194,0.06082573935303804,34.074074074074076,28.622222222222224,39.333703703703705,7432.0,6590.6722222222215,8458.944444444443,21.797498999599846
все тестовые окна,135,A6,0.023079138630722935,0.016236956158509758,0.031401409638203495,0.06120699180634409,32.49629629629629,28.14074074074074,36.87518518518518,8473.666666666666,7665.643518518518,9514.242592592593,21.443837535014005
все тестовые окна,135,B3,0.03018455043070006,0.021451659665943094,0.03881883369936723,0.08271118522112976,43.62222222222222,37.325370370370365,49.71166666666666,6405.62962962963,5731.586111111111,7277.454629629629,28.417643724156328
все тестовые окна,135,B6,0.03547019349050973,0.025657529354831374,0.04526620877821332,0.09760968306376583,51.08888888888889,44.66611111111111,58.474444444444444,6479.2962962962965,5871.147222222222,7290.1101851851845,34.362038148592774
все тестовые окна,135,B7,0.03076325055711293,0.021489046957316908,0.04039243432058556,0.07708263468843395,39.370370370370374,34.34759259259259,44.94851851851852,7769.814814814815,7083.292592592593,8655.312037037036,29.56173469387755
все тестовые окна,135,B8,0.027595346677257705,0.02005801792284648,0.03490918905554254,0.08648483354608193,36.2,30.251481481481484,42.47518518518518,6592.037037037037,6033.413888888889,7305.066666666666,29.088031879418438
все тестовые окна,135,B9,0.02836840369749922,0.020504814680154044,0.036059524482242616,0.08079540914963385,35.385185185185186,29.70259259259259,41.919629629629625,6787.333333333333,6190.440740740741,7611.999074074073,26.000403494731223
все тестовые окна,135,B10,0.027280401098153845,0.019791384061039936,0.034718886529469854,0.08792656134578708,39.44444444444444,33.34,47.20777777777778,6595.37037037037,6013.685185185185,7316.717592592592,29.088031879418438
все тестовые окна,135,B11,0.02619819370995505,0.01874007546920138,0.03397027048767566,0.08050671104768141,32.15555555555556,27.05925925925926,37.889259259259255,7008.111111111111,6396.808333333333,7846.508333333332,26.530788982259573
все тестовые окна,135,B12,0.03093730006521541,0.022767718811056332,0.03930450488233707,0.08574657193943304,42.87407407407407,37.198888888888895,49.13499999999999,7058.2962962962965,6371.339814814815,8021.8185185185175,27.957516339869283
все тестовые окна,135,B13,0.03587981833172094,0.02620971700513117,0.04547967178398973,0.10361381157218665,53.4,46.53111111111111,60.87518518518518,5775.111111111111,5207.654629629629,6550.446296296295,32.95691276510604
окна с пиком <= 1600 запр/с,133,A1,0.0,0.0,0.0,0.0,0.0,0.0,0.0,18175.93984962406,16010.526315789473,20355.563909774435,0.0
окна с пиком <= 1600 запр/с,133,A2,0.041669069897052796,0.03018170784674787,0.05489669133921971,0.09878538235812187,64.56390977443608,56.831390977443604,72.62424812030075,5023.646616541353,4766.204887218045,5312.255639097744,38.54326075159409
окна с пиком <= 1600 запр/с,133,A3,0.04134878735495181,0.02993395916322197,0.05420030413904659,0.09728710018164528,59.0,51.849624060150376,66.31654135338344,5027.255639097744,4768.7396616541355,5326.69454887218,38.54326075159409
окна с пиком <= 1600 запр/с,133,A4,0.050052259842270255,0.0386659491943888,0.062107640681452636,0.14461529143544252,94.11278195488721,80.96992481203007,108.81278195488721,4598.082706766917,4384.890037593985,4840.214285714285,49.38251933251933
окна с пиком <= 1600 запр/с,133,A5,0.0271988724543122,0.018091248270525037,0.037606068372279006,0.06086204568527068,33.015037593984964,28.26296992481203,37.985150375939845,6842.368421052632,6390.445488721804,7368.403195488721,21.769892144892147
окна с пиком <= 1600 запр/с,133,A6,0.023021113420805338,0.014909748750082566,0.03228924292752613,0.05724022468676041,31.2406015037594,27.330451127819547,35.443796992481204,7868.045112781955,7404.227443609023,8406.751879699248,21.06039886039886
окна с пиком <= 1600 запр/с,133,B3,0.027251493475715673,0.01920768074044344,0.036526603458385945,0.08034243671447007,41.68421052631579,36.57124060150376,47.647556390977435,5903.571428571428,5594.452067669174,6250.303571428571,28.17350088183421
окна с пиком <= 1600 запр/с,133,B6,0.032152610963953734,0.023332221100516075,0.04248827271979984,0.08343237976485568,48.015037593984964,42.60131578947369,53.44417293233083,6018.045112781955,5711.298872180451,6346.707706766917,34.09194478361145
окна с пиком <= 1600 запр/с,133,B7,0.028814676764123876,0.019552062041008636,0.038770537703124136,0.06771228025722618,37.32330827067669,32.96992481203007,41.744360902255636,7259.511278195489,6860.395676691729,7679.774436090225,29.250396825396827
окна с пиком <= 1600 запр/с,133,B8,0.024840428280659493,0.017702098862704817,0.033567837948797634,0.07056842927640256,33.3609022556391,28.819172932330826,38.44417293233083,6142.894736842105,5874.08082706767,6436.9060150375935,28.729066612399947
окна с пиком <= 1600 запр/с,133,B9,0.025649080576841943,0.01767962862139488,0.034246179592075564,0.06721885399528017,32.56390977443609,28.082706766917294,37.421052631578945,6332.631578947368,6040.231203007518,6633.623120300752,25.563444580111245
окна с пиком <= 1600 запр/с,133,B10,0.024559014169890852,0.01713911652005863,0.032900894834103606,0.07187892608663518,36.46616541353384,31.353195488721802,42.04624060150375,6146.278195488721,5882.403195488721,6438.024436090226,28.729066612399947
окна с пиком <= 1600 запр/с,133,B11,0.02367884840533853,0.016472374579362625,0.03190876957611713,0.0645696606194166,29.413533834586467,25.72894736842105,33.473872180451124,6546.87969924812,6233.888157894738,6858.578007518797,26.128110161443495
окна с пиком <= 1600 запр/с,133,B12,0.028359479924274594,0.01979017491811471,0.03740789841332041,0.07268699493960247,40.1203007518797,35.255451127819555,44.601691729323306,6534.06015037594,6200.397556390978,6914.391917293233,27.764055080721747
окна с пиком <= 1600 запр/с,133,B13,0.03196993767159478,0.023230102114595787,0.04112635839948206,0.09344957189159511,50.556390977443606,44.40582706766918,57.23364661654135,5338.7593984962405,5064.567669172932,5624.831766917293,32.511945461945466
