third,windows,A,B,loss_diff,loss_lo,loss_hi,pod_diff,pod_lo,pod_hi
1,537-581,B8,A3,-0.009207887243891382,-0.015088766105004583,-0.004615154639537038,925.5555555555557,785.6499999999994,1070.780555555555
1,537-581,B8,B6,-0.006866225085938824,-0.010254591433674005,-0.003226802545611383,167.8888888888896,-15.4638888888888,325.1194444444446
1,537-581,B8,B12,-0.0016131632591718185,-0.003388082298337284,0.00017797384178023577,-373.55555555555475,-606.4638888888888,-163.38333333333446
2,582-626,B8,A3,-0.02662881715628758,-0.048891936495544144,-0.004236419079325338,1227.0,981.5555555555559,1486.0361111111108
2,582-626,B8,B6,-0.007644565675048322,-0.01690786100407415,0.0013197789822140603,66.33333333333303,-128.89166666666648,259.6694444444447
2,582-626,B8,B12,-0.003330680065668383,-0.009279233226875763,0.0021506992436453373,-515.8888888888887,-946.138888888889,-173.48611111111157
3,627-671,B8,A3,-0.009663280466955887,-0.016722223708368216,-0.004013180063258123,1293.2222222222217,1188.8805555555562,1393.138888888889
3,627-671,B8,B6,-0.009678145856481558,-0.015481629463221448,-0.004752823041873999,104.0,-3.9027777777784642,210.46666666666644
3,627-671,B8,B12,-0.005818779825509473,-0.01078677046183132,-0.00200679567986661,-509.33333333333394,-652.6750000000003,-379.3277777777775
